clip_id,file_path,file_name,modality_code,modality,vocal_channel_code,vocal_channel,emotion_code,emotion,intensity_code,intensity,statement_code,statement,repetition,actor,gender
clip_00000,data\raw\Audio_Speech_Actors_01-24\Actor_01\03-01-05-01-01-01-01.wav,03-01-05-01-01-01-01.wav,03,audio_only,01,speech,05,angry,01,normal,01,kids_are_talking_by_the_door,1,1,male
clip_00001,data\raw\Audio_Speech_Actors_01-24\Actor_01\03-01-05-02-01-01-01.wav,03-01-05-02-01-01-01.wav,03,audio_only,01,speech,05,angry,02,strong,01,kids_are_talking_by_the_door,1,1,male
clip_00002,data\raw\Audio_Speech_Actors_01-24\Actor_01\03-01-05-01-01-02-01.wav,03-01-05-01-01-02-01.wav,03,audio_only,01,speech,05,angry,01,normal,01,kids_are_talking_by_the_door,2,1,male
clip_00003,data\raw\Audio_Speech_Actors_01-24\Actor_01\03-01-05-02-01-02-01.wav,03-01-05-02-01-02-01.wav,03,audio_only,01,speech,05,angry,02,strong,01,kids_are_talking_by_the_door,2,1,male
clip_00004,data\raw\Audio_Speech_Actors_01-24\Actor_01\03-01-05-01-02-01-01.wav,03-01-05-01-02-01-01.wav,03,audio_only,01,speech,05,angry,01,normal,02,dogs_are_sitting_by_the_door,1,1,male
clip_00005,data\raw\Audio_Speech_Actors_01-24\Actor_01\03-01-05-02-02-01-01.wav,03-01-05-02-02-01-01.wav,03,audio_only,01,speech,05,angry,02,strong,02,dogs_are_sitting_by_the_door,1,1,male
clip_00006,data\raw\Audio_Speech_Actors_01-24\Actor_01\03-01-05-01-02-02-01.wav,03-01-05-01-02-02-01.wav,03,audio_only,01,speech,05,angry,01,normal,02,dogs_are_sitting_by_the_door,2,1,male
clip_00007,data\raw\Audio_Speech_Actors_01-24\Actor_01\03-01-05-02-02-02-01.wav,03-01-05-02-02-02-01.wav,03,audio_only,01,speech,05,angry,02,strong,02,dogs_are_sitting_by_the_door,2,1,male
clip_00008,data\raw\Audio_Speech_Actors_01-24\Actor_01\03-01-02-01-01-01-01.wav,03-01-02-01-01-01-01.wav,03,audio_only,01,speech,02,calm,01,normal,01,kids_are_talking_by_the_door,1,1,male
clip_00009,data\raw\Audio_Speech_Actors_01-24\Actor_01\03-01-02-02-01-01-01.wav,03-01-02-02-01-01-01.wav,03,audio_only,01,speech,02,calm,02,strong,01,kids_are_talking_by_the_door,1,1,male
clip_00010,data\raw\Audio_Speech_Actors_01-24\Actor_01\03-01-02-01-01-02-01.wav,03-01-02-01-01-02-01.wav,03,audio_only,01,speech,02,calm,01,normal,01,kids_are_talking_by_the_door,2,1,male
clip_00011,data\raw\Audio_Speech_Actors_01-24\Actor_01\03-01-02-02-01-02-01.wav,03-01-02-02-01-02-01.wav,03,audio_only,01,speech,02,calm,02,strong,01,kids_are_talking_by_the_door,2,1,male
clip_00012,data\raw\Audio_Speech_Actors_01-24\Actor_01\03-01-02-01-02-01-01.wav,03-01-02-01-02-01-01.wav,03,audio_only,01,speech,02,calm,01,normal,02,dogs_are_sitting_by_the_door,1,1,male
clip_00013,data\raw\Audio_Speech_Actors_01-24\Actor_01\03-01-02-02-02-01-01.wav,03-01-02-02-02-01-01.wav,03,audio_only,01,speech,02,calm,02,strong,02,dogs_are_sitting_by_the_door,1,1,male
clip_00014,data\raw\Audio_Speech_Actors_01-24\Actor_01\03-01-02-01-02-02-01.wav,03-01-02-01-02-02-01.wav,03,audio_only,01,speech,02,calm,01,normal,02,dogs_are_sitting_by_the_door,2,1,male
clip_00015,data\raw\Audio_Speech_Actors_01-24\Actor_01\03-01-02-02-02-02-01.wav,03-01-02-02-02-02-01.wav,03,audio_only,01,speech,02,calm,02,strong,02,dogs_are_sitting_by_the_door,2,1,male
clip_00016,data\raw\Audio_Speech_Actors_01-24\Actor_01\03-01-07-01-01-01-01.wav,03-01-07-01-01-01-01.wav,03,audio_only,01,speech,07,disgust,01,normal,01,kids_are_talking_by_the_door,1,1,male
clip_00017,data\raw\Audio_Speech_Actors_01-24\Actor_01\03-01-07-02-01-01-01.wav,03-01-07-02-01-01-01.wav,03,audio_only,01,speech,07,disgust,02,strong,01,kids_are_talking_by_the_door,1,1,male
clip_00018,data\raw\Audio_Speech_Actors_01-24\Actor_01\03-01-07-01-01-02-01.wav,03-01-07-01-01-02-01.wav,03,audio_only,01,speech,07,disgust,01,normal,01,kids_are_talking_by_the_door,2,1,male
clip_00019,data\raw\Audio_Speech_Actors_01-24\Actor_01\03-01-07-02-01-02-01.wav,03-01-07-02-01-02-01.wav,03,audio_only,01,speech,07,disgust,02,strong,01,kids_are_talking_by_the_door,2,1,male
clip_00020,data\raw\Audio_Speech_Actors_01-24\Actor_01\03-01-07-01-02-01-01.wav,03-01-07-01-02-01-01.wav,03,audio_only,01,speech,07,disgust,01,normal,02,dogs_are_sitting_by_the_door,1,1,male
clip_00021,data\raw\Audio_Speech_Actors_01-24\Actor_01\03-01-07-02-02-01-01.wav,03-01-07-02-02-01-01.wav,03,audio_only,01,speech,07,disgust,02,strong,02,dogs_are_sitting_by_the_door,1,1,male
clip_00022,data\raw\Audio_Speech_Actors_01-24\Actor_01\03-01-07-01-02-02-01.wav,03-01-07-01-02-02-01.wav,03,audio_only,01,speech,07,disgust,01,normal,02,dogs_are_sitting_by_the_door,2,1,male
clip_00023,data\raw\Audio_Speech_Actors_01-24\Actor_01\03-01-07-02-02-02-01.wav,03-01-07-02-02-02-01.wav,03,audio_only,01,speech,07,disgust,02,strong,02,dogs_are_sitting_by_the_door,2,1,male
clip_00024,data\raw\Audio_Speech_Actors_01-24\Actor_01\03-01-06-01-01-01-01.wav,03-01-06-01-01-01-01.wav,03,audio_only,01,speech,06,fearful,01,normal,01,kids_are_talking_by_the_door,1,1,male
clip_00025,data\raw\Audio_Speech_Actors_01-24\Actor_01\03-01-06-02-01-01-01.wav,03-01-06-02-01-01-01.wav,03,audio_only,01,speech,06,fearful,02,strong,01,kids_are_talking_by_the_door,1,1,male
clip_00026,data\raw\Audio_Speech_Actors_01-24\Actor_01\03-01-06-01-01-02-01.wav,03-01-06-01-01-02-01.wav,03,audio_only,01,speech,06,fearful,01,normal,01,kids_are_talking_by_the_door,2,1,male
clip_00027,data\raw\Audio_Speech_Actors_01-24\Actor_01\03-01-06-02-01-02-01.wav,03-01-06-02-01-02-01.wav,03,audio_only,01,speech,06,fearful,02,strong,01,kids_are_talking_by_the_door,2,1,male
clip_00028,data\raw\Audio_Speech_Actors_01-24\Actor_01\03-01-06-01-02-01-01.wav,03-01-06-01-02-01-01.wav,03,audio_only,01,speech,06,fearful,01,normal,02,dogs_are_sitting_by_the_door,1,1,male
clip_00029,data\raw\Audio_Speech_Actors_01-24\Actor_01\03-01-06-02-02-01-01.wav,03-01-06-02-02-01-01.wav,03,audio_only,01,speech,06,fearful,02,strong,02,dogs_are_sitting_by_the_door,1,1,male
clip_00030,data\raw\Audio_Speech_Actors_01-24\Actor_01\03-01-06-01-02-02-01.wav,03-01-06-01-02-02-01.wav,03,audio_only,01,speech,06,fearful,01,normal,02,dogs_are_sitting_by_the_door,2,1,male
clip_00031,data\raw\Audio_Speech_Actors_01-24\Actor_01\03-01-06-02-02-02-01.wav,03-01-06-02-02-02-01.wav,03,audio_only,01,speech,06,fearful,02,strong,02,dogs_are_sitting_by_the_door,2,1,male
clip_00032,data\raw\Audio_Speech_Actors_01-24\Actor_01\03-01-03-01-01-01-01.wav,03-01-03-01-01-01-01.wav,03,audio_only,01,speech,03,happy,01,normal,01,kids_are_talking_by_the_door,1,1,male
clip_00033,data\raw\Audio_Speech_Actors_01-24\Actor_01\03-01-03-02-01-01-01.wav,03-01-03-02-01-01-01.wav,03,audio_only,01,speech,03,happy,02,strong,01,kids_are_talking_by_the_door,1,1,male
clip_00034,data\raw\Audio_Speech_Actors_01-24\Actor_01\03-01-03-01-01-02-01.wav,03-01-03-01-01-02-01.wav,03,audio_only,01,speech,03,happy,01,normal,01,kids_are_talking_by_the_door,2,1,male
clip_00035,data\raw\Audio_Speech_Actors_01-24\Actor_01\03-01-03-02-01-02-01.wav,03-01-03-02-01-02-01.wav,03,audio_only,01,speech,03,happy,02,strong,01,kids_are_talking_by_the_door,2,1,male
clip_00036,data\raw\Audio_Speech_Actors_01-24\Actor_01\03-01-03-01-02-01-01.wav,03-01-03-01-02-01-01.wav,03,audio_only,01,speech,03,happy,01,normal,02,dogs_are_sitting_by_the_door,1,1,male
clip_00037,data\raw\Audio_Speech_Actors_01-24\Actor_01\03-01-03-02-02-01-01.wav,03-01-03-02-02-01-01.wav,03,audio_only,01,speech,03,happy,02,strong,02,dogs_are_sitting_by_the_door,1,1,male
clip_00038,data\raw\Audio_Speech_Actors_01-24\Actor_01\03-01-03-01-02-02-01.wav,03-01-03-01-02-02-01.wav,03,audio_only,01,speech,03,happy,01,normal,02,dogs_are_sitting_by_the_door,2,1,male
clip_00039,data\raw\Audio_Speech_Actors_01-24\Actor_01\03-01-03-02-02-02-01.wav,03-01-03-02-02-02-01.wav,03,audio_only,01,speech,03,happy,02,strong,02,dogs_are_sitting_by_the_door,2,1,male
clip_00040,data\raw\Audio_Speech_Actors_01-24\Actor_01\03-01-01-01-01-01-01.wav,03-01-01-01-01-01-01.wav,03,audio_only,01,speech,01,neutral,01,normal,01,kids_are_talking_by_the_door,1,1,male
clip_00041,data\raw\Audio_Speech_Actors_01-24\Actor_01\03-01-01-01-01-02-01.wav,03-01-01-01-01-02-01.wav,03,audio_only,01,speech,01,neutral,01,normal,01,kids_are_talking_by_the_door,2,1,male
clip_00042,data\raw\Audio_Speech_Actors_01-24\Actor_01\03-01-01-01-02-01-01.wav,03-01-01-01-02-01-01.wav,03,audio_only,01,speech,01,neutral,01,normal,02,dogs_are_sitting_by_the_door,1,1,male
clip_00043,data\raw\Audio_Speech_Actors_01-24\Actor_01\03-01-01-01-02-02-01.wav,03-01-01-01-02-02-01.wav,03,audio_only,01,speech,01,neutral,01,normal,02,dogs_are_sitting_by_the_door,2,1,male
clip_00044,data\raw\Audio_Speech_Actors_01-24\Actor_01\03-01-04-01-01-01-01.wav,03-01-04-01-01-01-01.wav,03,audio_only,01,speech,04,sad,01,normal,01,kids_are_talking_by_the_door,1,1,male
clip_00045,data\raw\Audio_Speech_Actors_01-24\Actor_01\03-01-04-02-01-01-01.wav,03-01-04-02-01-01-01.wav,03,audio_only,01,speech,04,sad,02,strong,01,kids_are_talking_by_the_door,1,1,male
clip_00046,data\raw\Audio_Speech_Actors_01-24\Actor_01\03-01-04-01-01-02-01.wav,03-01-04-01-01-02-01.wav,03,audio_only,01,speech,04,sad,01,normal,01,kids_are_talking_by_the_door,2,1,male
clip_00047,data\raw\Audio_Speech_Actors_01-24\Actor_01\03-01-04-02-01-02-01.wav,03-01-04-02-01-02-01.wav,03,audio_only,01,speech,04,sad,02,strong,01,kids_are_talking_by_the_door,2,1,male
clip_00048,data\raw\Audio_Speech_Actors_01-24\Actor_01\03-01-04-01-02-01-01.wav,03-01-04-01-02-01-01.wav,03,audio_only,01,speech,04,sad,01,normal,02,dogs_are_sitting_by_the_door,1,1,male
clip_00049,data\raw\Audio_Speech_Actors_01-24\Actor_01\03-01-04-02-02-01-01.wav,03-01-04-02-02-01-01.wav,03,audio_only,01,speech,04,sad,02,strong,02,dogs_are_sitting_by_the_door,1,1,male
clip_00050,data\raw\Audio_Speech_Actors_01-24\Actor_01\03-01-04-01-02-02-01.wav,03-01-04-01-02-02-01.wav,03,audio_only,01,speech,04,sad,01,normal,02,dogs_are_sitting_by_the_door,2,1,male
clip_00051,data\raw\Audio_Speech_Actors_01-24\Actor_01\03-01-04-02-02-02-01.wav,03-01-04-02-02-02-01.wav,03,audio_only,01,speech,04,sad,02,strong,02,dogs_are_sitting_by_the_door,2,1,male
clip_00052,data\raw\Audio_Speech_Actors_01-24\Actor_01\03-01-08-01-01-01-01.wav,03-01-08-01-01-01-01.wav,03,audio_only,01,speech,08,surprised,01,normal,01,kids_are_talking_by_the_door,1,1,male
clip_00053,data\raw\Audio_Speech_Actors_01-24\Actor_01\03-01-08-02-01-01-01.wav,03-01-08-02-01-01-01.wav,03,audio_only,01,speech,08,surprised,02,strong,01,kids_are_talking_by_the_door,1,1,male
clip_00054,data\raw\Audio_Speech_Actors_01-24\Actor_01\03-01-08-01-01-02-01.wav,03-01-08-01-01-02-01.wav,03,audio_only,01,speech,08,surprised,01,normal,01,kids_are_talking_by_the_door,2,1,male
clip_00055,data\raw\Audio_Speech_Actors_01-24\Actor_01\03-01-08-02-01-02-01.wav,03-01-08-02-01-02-01.wav,03,audio_only,01,speech,08,surprised,02,strong,01,kids_are_talking_by_the_door,2,1,male
clip_00056,data\raw\Audio_Speech_Actors_01-24\Actor_01\03-01-08-01-02-01-01.wav,03-01-08-01-02-01-01.wav,03,audio_only,01,speech,08,surprised,01,normal,02,dogs_are_sitting_by_the_door,1,1,male
clip_00057,data\raw\Audio_Speech_Actors_01-24\Actor_01\03-01-08-02-02-01-01.wav,03-01-08-02-02-01-01.wav,03,audio_only,01,speech,08,surprised,02,strong,02,dogs_are_sitting_by_the_door,1,1,male
clip_00058,data\raw\Audio_Speech_Actors_01-24\Actor_01\03-01-08-01-02-02-01.wav,03-01-08-01-02-02-01.wav,03,audio_only,01,speech,08,surprised,01,normal,02,dogs_are_sitting_by_the_door,2,1,male
clip_00059,data\raw\Audio_Speech_Actors_01-24\Actor_01\03-01-08-02-02-02-01.wav,03-01-08-02-02-02-01.wav,03,audio_only,01,speech,08,surprised,02,strong,02,dogs_are_sitting_by_the_door,2,1,male
clip_00060,data\raw\Audio_Speech_Actors_01-24\Actor_02\03-01-05-01-01-01-02.wav,03-01-05-01-01-01-02.wav,03,audio_only,01,speech,05,angry,01,normal,01,kids_are_talking_by_the_door,1,2,female
clip_00061,data\raw\Audio_Speech_Actors_01-24\Actor_02\03-01-05-02-01-01-02.wav,03-01-05-02-01-01-02.wav,03,audio_only,01,speech,05,angry,02,strong,01,kids_are_talking_by_the_door,1,2,female
clip_00062,data\raw\Audio_Speech_Actors_01-24\Actor_02\03-01-05-01-01-02-02.wav,03-01-05-01-01-02-02.wav,03,audio_only,01,speech,05,angry,01,normal,01,kids_are_talking_by_the_door,2,2,female
clip_00063,data\raw\Audio_Speech_Actors_01-24\Actor_02\03-01-05-02-01-02-02.wav,03-01-05-02-01-02-02.wav,03,audio_only,01,speech,05,angry,02,strong,01,kids_are_talking_by_the_door,2,2,female
clip_00064,data\raw\Audio_Speech_Actors_01-24\Actor_02\03-01-05-01-02-01-02.wav,03-01-05-01-02-01-02.wav,03,audio_only,01,speech,05,angry,01,normal,02,dogs_are_sitting_by_the_door,1,2,female
clip_00065,data\raw\Audio_Speech_Actors_01-24\Actor_02\03-01-05-02-02-01-02.wav,03-01-05-02-02-01-02.wav,03,audio_only,01,speech,05,angry,02,strong,02,dogs_are_sitting_by_the_door,1,2,female
clip_00066,data\raw\Audio_Speech_Actors_01-24\Actor_02\03-01-05-01-02-02-02.wav,03-01-05-01-02-02-02.wav,03,audio_only,01,speech,05,angry,01,normal,02,dogs_are_sitting_by_the_door,2,2,female
clip_00067,data\raw\Audio_Speech_Actors_01-24\Actor_02\03-01-05-02-02-02-02.wav,03-01-05-02-02-02-02.wav,03,audio_only,01,speech,05,angry,02,strong,02,dogs_are_sitting_by_the_door,2,2,female
clip_00068,data\raw\Audio_Speech_Actors_01-24\Actor_02\03-01-02-01-01-01-02.wav,03-01-02-01-01-01-02.wav,03,audio_only,01,speech,02,calm,01,normal,01,kids_are_talking_by_the_door,1,2,female
clip_00069,data\raw\Audio_Speech_Actors_01-24\Actor_02\03-01-02-02-01-01-02.wav,03-01-02-02-01-01-02.wav,03,audio_only,01,speech,02,calm,02,strong,01,kids_are_talking_by_the_door,1,2,female
clip_00070,data\raw\Audio_Speech_Actors_01-24\Actor_02\03-01-02-01-01-02-02.wav,03-01-02-01-01-02-02.wav,03,audio_only,01,speech,02,calm,01,normal,01,kids_are_talking_by_the_door,2,2,female
clip_00071,data\raw\Audio_Speech_Actors_01-24\Actor_02\03-01-02-02-01-02-02.wav,03-01-02-02-01-02-02.wav,03,audio_only,01,speech,02,calm,02,strong,01,kids_are_talking_by_the_door,2,2,female
clip_00072,data\raw\Audio_Speech_Actors_01-24\Actor_02\03-01-02-01-02-01-02.wav,03-01-02-01-02-01-02.wav,03,audio_only,01,speech,02,calm,01,normal,02,dogs_are_sitting_by_the_door,1,2,female
clip_00073,data\raw\Audio_Speech_Actors_01-24\Actor_02\03-01-02-02-02-01-02.wav,03-01-02-02-02-01-02.wav,03,audio_only,01,speech,02,calm,02,strong,02,dogs_are_sitting_by_the_door,1,2,female
clip_00074,data\raw\Audio_Speech_Actors_01-24\Actor_02\03-01-02-01-02-02-02.wav,03-01-02-01-02-02-02.wav,03,audio_only,01,speech,02,calm,01,normal,02,dogs_are_sitting_by_the_door,2,2,female
clip_00075,data\raw\Audio_Speech_Actors_01-24\Actor_02\03-01-02-02-02-02-02.wav,03-01-02-02-02-02-02.wav,03,audio_only,01,speech,02,calm,02,strong,02,dogs_are_sitting_by_the_door,2,2,female
clip_00076,data\raw\Audio_Speech_Actors_01-24\Actor_02\03-01-07-01-01-01-02.wav,03-01-07-01-01-01-02.wav,03,audio_only,01,speech,07,disgust,01,normal,01,kids_are_talking_by_the_door,1,2,female
clip_00077,data\raw\Audio_Speech_Actors_01-24\Actor_02\03-01-07-02-01-01-02.wav,03-01-07-02-01-01-02.wav,03,audio_only,01,speech,07,disgust,02,strong,01,kids_are_talking_by_the_door,1,2,female
clip_00078,data\raw\Audio_Speech_Actors_01-24\Actor_02\03-01-07-01-01-02-02.wav,03-01-07-01-01-02-02.wav,03,audio_only,01,speech,07,disgust,01,normal,01,kids_are_talking_by_the_door,2,2,female
clip_00079,data\raw\Audio_Speech_Actors_01-24\Actor_02\03-01-07-02-01-02-02.wav,03-01-07-02-01-02-02.wav,03,audio_only,01,speech,07,disgust,02,strong,01,kids_are_talking_by_the_door,2,2,female
clip_00080,data\raw\Audio_Speech_Actors_01-24\Actor_02\03-01-07-01-02-01-02.wav,03-01-07-01-02-01-02.wav,03,audio_only,01,speech,07,disgust,01,normal,02,dogs_are_sitting_by_the_door,1,2,female
clip_00081,data\raw\Audio_Speech_Actors_01-24\Actor_02\03-01-07-02-02-01-02.wav,03-01-07-02-02-01-02.wav,03,audio_only,01,speech,07,disgust,02,strong,02,dogs_are_sitting_by_the_door,1,2,female
clip_00082,data\raw\Audio_Speech_Actors_01-24\Actor_02\03-01-07-01-02-02-02.wav,03-01-07-01-02-02-02.wav,03,audio_only,01,speech,07,disgust,01,normal,02,dogs_are_sitting_by_the_door,2,2,female
clip_00083,data\raw\Audio_Speech_Actors_01-24\Actor_02\03-01-07-02-02-02-02.wav,03-01-07-02-02-02-02.wav,03,audio_only,01,speech,07,disgust,02,strong,02,dogs_are_sitting_by_the_door,2,2,female
clip_00084,data\raw\Audio_Speech_Actors_01-24\Actor_02\03-01-06-01-01-01-02.wav,03-01-06-01-01-01-02.wav,03,audio_only,01,speech,06,fearful,01,normal,01,kids_are_talking_by_the_door,1,2,female
clip_00085,data\raw\Audio_Speech_Actors_01-24\Actor_02\03-01-06-02-01-01-02.wav,03-01-06-02-01-01-02.wav,03,audio_only,01,speech,06,fearful,02,strong,01,kids_are_talking_by_the_door,1,2,female
clip_00086,data\raw\Audio_Speech_Actors_01-24\Actor_02\03-01-06-01-01-02-02.wav,03-01-06-01-01-02-02.wav,03,audio_only,01,speech,06,fearful,01,normal,01,kids_are_talking_by_the_door,2,2,female
clip_00087,data\raw\Audio_Speech_Actors_01-24\Actor_02\03-01-06-02-01-02-02.wav,03-01-06-02-01-02-02.wav,03,audio_only,01,speech,06,fearful,02,strong,01,kids_are_talking_by_the_door,2,2,female
clip_00088,data\raw\Audio_Speech_Actors_01-24\Actor_02\03-01-06-01-02-01-02.wav,03-01-06-01-02-01-02.wav,03,audio_only,01,speech,06,fearful,01,normal,02,dogs_are_sitting_by_the_door,1,2,female
clip_00089,data\raw\Audio_Speech_Actors_01-24\Actor_02\03-01-06-02-02-01-02.wav,03-01-06-02-02-01-02.wav,03,audio_only,01,speech,06,fearful,02,strong,02,dogs_are_sitting_by_the_door,1,2,female
clip_00090,data\raw\Audio_Speech_Actors_01-24\Actor_02\03-01-06-01-02-02-02.wav,03-01-06-01-02-02-02.wav,03,audio_only,01,speech,06,fearful,01,normal,02,dogs_are_sitting_by_the_door,2,2,female
clip_00091,data\raw\Audio_Speech_Actors_01-24\Actor_02\03-01-06-02-02-02-02.wav,03-01-06-02-02-02-02.wav,03,audio_only,01,speech,06,fearful,02,strong,02,dogs_are_sitting_by_the_door,2,2,female
clip_00092,data\raw\Audio_Speech_Actors_01-24\Actor_02\03-01-03-01-01-01-02.wav,03-01-03-01-01-01-02.wav,03,audio_only,01,speech,03,happy,01,normal,01,kids_are_talking_by_the_door,1,2,female
clip_00093,data\raw\Audio_Speech_Actors_01-24\Actor_02\03-01-03-02-01-01-02.wav,03-01-03-02-01-01-02.wav,03,audio_only,01,speech,03,happy,02,strong,01,kids_are_talking_by_the_door,1,2,female
clip_00094,data\raw\Audio_Speech_Actors_01-24\Actor_02\03-01-03-01-01-02-02.wav,03-01-03-01-01-02-02.wav,03,audio_only,01,speech,03,happy,01,normal,01,kids_are_talking_by_the_door,2,2,female
clip_00095,data\raw\Audio_Speech_Actors_01-24\Actor_02\03-01-03-02-01-02-02.wav,03-01-03-02-01-02-02.wav,03,audio_only,01,speech,03,happy,02,strong,01,kids_are_talking_by_the_door,2,2,female
clip_00096,data\raw\Audio_Speech_Actors_01-24\Actor_02\03-01-03-01-02-01-02.wav,03-01-03-01-02-01-02.wav,03,audio_only,01,speech,03,happy,01,normal,02,dogs_are_sitting_by_the_door,1,2,female
clip_00097,data\raw\Audio_Speech_Actors_01-24\Actor_02\03-01-03-02-02-01-02.wav,03-01-03-02-02-01-02.wav,03,audio_only,01,speech,03,happy,02,strong,02,dogs_are_sitting_by_the_door,1,2,female
clip_00098,data\raw\Audio_Speech_Actors_01-24\Actor_02\03-01-03-01-02-02-02.wav,03-01-03-01-02-02-02.wav,03,audio_only,01,speech,03,happy,01,normal,02,dogs_are_sitting_by_the_door,2,2,female
clip_00099,data\raw\Audio_Speech_Actors_01-24\Actor_02\03-01-03-02-02-02-02.wav,03-01-03-02-02-02-02.wav,03,audio_only,01,speech,03,happy,02,strong,02,dogs_are_sitting_by_the_door,2,2,female
clip_00100,data\raw\Audio_Speech_Actors_01-24\Actor_02\03-01-01-01-01-01-02.wav,03-01-01-01-01-01-02.wav,03,audio_only,01,speech,01,neutral,01,normal,01,kids_are_talking_by_the_door,1,2,female
clip_00101,data\raw\Audio_Speech_Actors_01-24\Actor_02\03-01-01-01-01-02-02.wav,03-01-01-01-01-02-02.wav,03,audio_only,01,speech,01,neutral,01,normal,01,kids_are_talking_by_the_door,2,2,female
clip_00102,data\raw\Audio_Speech_Actors_01-24\Actor_02\03-01-01-01-02-01-02.wav,03-01-01-01-02-01-02.wav,03,audio_only,01,speech,01,neutral,01,normal,02,dogs_are_sitting_by_the_door,1,2,female
clip_00103,data\raw\Audio_Speech_Actors_01-24\Actor_02\03-01-01-01-02-02-02.wav,03-01-01-01-02-02-02.wav,03,audio_only,01,speech,01,neutral,01,normal,02,dogs_are_sitting_by_the_door,2,2,female
clip_00104,data\raw\Audio_Speech_Actors_01-24\Actor_02\03-01-04-01-01-01-02.wav,03-01-04-01-01-01-02.wav,03,audio_only,01,speech,04,sad,01,normal,01,kids_are_talking_by_the_door,1,2,female
clip_00105,data\raw\Audio_Speech_Actors_01-24\Actor_02\03-01-04-02-01-01-02.wav,03-01-04-02-01-01-02.wav,03,audio_only,01,speech,04,sad,02,strong,01,kids_are_talking_by_the_door,1,2,female
clip_00106,data\raw\Audio_Speech_Actors_01-24\Actor_02\03-01-04-01-01-02-02.wav,03-01-04-01-01-02-02.wav,03,audio_only,01,speech,04,sad,01,normal,01,kids_are_talking_by_the_door,2,2,female
clip_00107,data\raw\Audio_Speech_Actors_01-24\Actor_02\03-01-04-02-01-02-02.wav,03-01-04-02-01-02-02.wav,03,audio_only,01,speech,04,sad,02,strong,01,kids_are_talking_by_the_door,2,2,female
clip_00108,data\raw\Audio_Speech_Actors_01-24\Actor_02\03-01-04-01-02-01-02.wav,03-01-04-01-02-01-02.wav,03,audio_only,01,speech,04,sad,01,normal,02,dogs_are_sitting_by_the_door,1,2,female
clip_00109,data\raw\Audio_Speech_Actors_01-24\Actor_02\03-01-04-02-02-01-02.wav,03-01-04-02-02-01-02.wav,03,audio_only,01,speech,04,sad,02,strong,02,dogs_are_sitting_by_the_door,1,2,female
clip_00110,data\raw\Audio_Speech_Actors_01-24\Actor_02\03-01-04-01-02-02-02.wav,03-01-04-01-02-02-02.wav,03,audio_only,01,speech,04,sad,01,normal,02,dogs_are_sitting_by_the_door,2,2,female
clip_00111,data\raw\Audio_Speech_Actors_01-24\Actor_02\03-01-04-02-02-02-02.wav,03-01-04-02-02-02-02.wav,03,audio_only,01,speech,04,sad,02,strong,02,dogs_are_sitting_by_the_door,2,2,female
clip_00112,data\raw\Audio_Speech_Actors_01-24\Actor_02\03-01-08-01-01-01-02.wav,03-01-08-01-01-01-02.wav,03,audio_only,01,speech,08,surprised,01,normal,01,kids_are_talking_by_the_door,1,2,female
clip_00113,data\raw\Audio_Speech_Actors_01-24\Actor_02\03-01-08-02-01-01-02.wav,03-01-08-02-01-01-02.wav,03,audio_only,01,speech,08,surprised,02,strong,01,kids_are_talking_by_the_door,1,2,female
clip_00114,data\raw\Audio_Speech_Actors_01-24\Actor_02\03-01-08-01-01-02-02.wav,03-01-08-01-01-02-02.wav,03,audio_only,01,speech,08,surprised,01,normal,01,kids_are_talking_by_the_door,2,2,female
clip_00115,data\raw\Audio_Speech_Actors_01-24\Actor_02\03-01-08-02-01-02-02.wav,03-01-08-02-01-02-02.wav,03,audio_only,01,speech,08,surprised,02,strong,01,kids_are_talking_by_the_door,2,2,female
clip_00116,data\raw\Audio_Speech_Actors_01-24\Actor_02\03-01-08-01-02-01-02.wav,03-01-08-01-02-01-02.wav,03,audio_only,01,speech,08,surprised,01,normal,02,dogs_are_sitting_by_the_door,1,2,female
clip_00117,data\raw\Audio_Speech_Actors_01-24\Actor_02\03-01-08-02-02-01-02.wav,03-01-08-02-02-01-02.wav,03,audio_only,01,speech,08,surprised,02,strong,02,dogs_are_sitting_by_the_door,1,2,female
clip_00118,data\raw\Audio_Speech_Actors_01-24\Actor_02\03-01-08-01-02-02-02.wav,03-01-08-01-02-02-02.wav,03,audio_only,01,speech,08,surprised,01,normal,02,dogs_are_sitting_by_the_door,2,2,female
clip_00119,data\raw\Audio_Speech_Actors_01-24\Actor_02\03-01-08-02-02-02-02.wav,03-01-08-02-02-02-02.wav,03,audio_only,01,speech,08,surprised,02,strong,02,dogs_are_sitting_by_the_door,2,2,female
clip_00120,data\raw\Audio_Speech_Actors_01-24\Actor_03\03-01-05-01-01-01-03.wav,03-01-05-01-01-01-03.wav,03,audio_only,01,speech,05,angry,01,normal,01,kids_are_talking_by_the_door,1,3,male
clip_00121,data\raw\Audio_Speech_Actors_01-24\Actor_03\03-01-05-02-01-01-03.wav,03-01-05-02-01-01-03.wav,03,audio_only,01,speech,05,angry,02,strong,01,kids_are_talking_by_the_door,1,3,male
clip_00122,data\raw\Audio_Speech_Actors_01-24\Actor_03\03-01-05-01-01-02-03.wav,03-01-05-01-01-02-03.wav,03,audio_only,01,speech,05,angry,01,normal,01,kids_are_talking_by_the_door,2,3,male
clip_00123,data\raw\Audio_Speech_Actors_01-24\Actor_03\03-01-05-02-01-02-03.wav,03-01-05-02-01-02-03.wav,03,audio_only,01,speech,05,angry,02,strong,01,kids_are_talking_by_the_door,2,3,male
clip_00124,data\raw\Audio_Speech_Actors_01-24\Actor_03\03-01-05-01-02-01-03.wav,03-01-05-01-02-01-03.wav,03,audio_only,01,speech,05,angry,01,normal,02,dogs_are_sitting_by_the_door,1,3,male
clip_00125,data\raw\Audio_Speech_Actors_01-24\Actor_03\03-01-05-02-02-01-03.wav,03-01-05-02-02-01-03.wav,03,audio_only,01,speech,05,angry,02,strong,02,dogs_are_sitting_by_the_door,1,3,male
clip_00126,data\raw\Audio_Speech_Actors_01-24\Actor_03\03-01-05-01-02-02-03.wav,03-01-05-01-02-02-03.wav,03,audio_only,01,speech,05,angry,01,normal,02,dogs_are_sitting_by_the_door,2,3,male
clip_00127,data\raw\Audio_Speech_Actors_01-24\Actor_03\03-01-05-02-02-02-03.wav,03-01-05-02-02-02-03.wav,03,audio_only,01,speech,05,angry,02,strong,02,dogs_are_sitting_by_the_door,2,3,male
clip_00128,data\raw\Audio_Speech_Actors_01-24\Actor_03\03-01-02-01-01-01-03.wav,03-01-02-01-01-01-03.wav,03,audio_only,01,speech,02,calm,01,normal,01,kids_are_talking_by_the_door,1,3,male
clip_00129,data\raw\Audio_Speech_Actors_01-24\Actor_03\03-01-02-02-01-01-03.wav,03-01-02-02-01-01-03.wav,03,audio_only,01,speech,02,calm,02,strong,01,kids_are_talking_by_the_door,1,3,male
clip_00130,data\raw\Audio_Speech_Actors_01-24\Actor_03\03-01-02-01-01-02-03.wav,03-01-02-01-01-02-03.wav,03,audio_only,01,speech,02,calm,01,normal,01,kids_are_talking_by_the_door,2,3,male
clip_00131,data\raw\Audio_Speech_Actors_01-24\Actor_03\03-01-02-02-01-02-03.wav,03-01-02-02-01-02-03.wav,03,audio_only,01,speech,02,calm,02,strong,01,kids_are_talking_by_the_door,2,3,male
clip_00132,data\raw\Audio_Speech_Actors_01-24\Actor_03\03-01-02-01-02-01-03.wav,03-01-02-01-02-01-03.wav,03,audio_only,01,speech,02,calm,01,normal,02,dogs_are_sitting_by_the_door,1,3,male
clip_00133,data\raw\Audio_Speech_Actors_01-24\Actor_03\03-01-02-02-02-01-03.wav,03-01-02-02-02-01-03.wav,03,audio_only,01,speech,02,calm,02,strong,02,dogs_are_sitting_by_the_door,1,3,male
clip_00134,data\raw\Audio_Speech_Actors_01-24\Actor_03\03-01-02-01-02-02-03.wav,03-01-02-01-02-02-03.wav,03,audio_only,01,speech,02,calm,01,normal,02,dogs_are_sitting_by_the_door,2,3,male
clip_00135,data\raw\Audio_Speech_Actors_01-24\Actor_03\03-01-02-02-02-02-03.wav,03-01-02-02-02-02-03.wav,03,audio_only,01,speech,02,calm,02,strong,02,dogs_are_sitting_by_the_door,2,3,male
clip_00136,data\raw\Audio_Speech_Actors_01-24\Actor_03\03-01-07-01-01-01-03.wav,03-01-07-01-01-01-03.wav,03,audio_only,01,speech,07,disgust,01,normal,01,kids_are_talking_by_the_door,1,3,male
clip_00137,data\raw\Audio_Speech_Actors_01-24\Actor_03\03-01-07-02-01-01-03.wav,03-01-07-02-01-01-03.wav,03,audio_only,01,speech,07,disgust,02,strong,01,kids_are_talking_by_the_door,1,3,male
clip_00138,data\raw\Audio_Speech_Actors_01-24\Actor_03\03-01-07-01-01-02-03.wav,03-01-07-01-01-02-03.wav,03,audio_only,01,speech,07,disgust,01,normal,01,kids_are_talking_by_the_door,2,3,male
clip_00139,data\raw\Audio_Speech_Actors_01-24\Actor_03\03-01-07-02-01-02-03.wav,03-01-07-02-01-02-03.wav,03,audio_only,01,speech,07,disgust,02,strong,01,kids_are_talking_by_the_door,2,3,male
clip_00140,data\raw\Audio_Speech_Actors_01-24\Actor_03\03-01-07-01-02-01-03.wav,03-01-07-01-02-01-03.wav,03,audio_only,01,speech,07,disgust,01,normal,02,dogs_are_sitting_by_the_door,1,3,male
clip_00141,data\raw\Audio_Speech_Actors_01-24\Actor_03\03-01-07-02-02-01-03.wav,03-01-07-02-02-01-03.wav,03,audio_only,01,speech,07,disgust,02,strong,02,dogs_are_sitting_by_the_door,1,3,male
clip_00142,data\raw\Audio_Speech_Actors_01-24\Actor_03\03-01-07-01-02-02-03.wav,03-01-07-01-02-02-03.wav,03,audio_only,01,speech,07,disgust,01,normal,02,dogs_are_sitting_by_the_door,2,3,male
clip_00143,data\raw\Audio_Speech_Actors_01-24\Actor_03\03-01-07-02-02-02-03.wav,03-01-07-02-02-02-03.wav,03,audio_only,01,speech,07,disgust,02,strong,02,dogs_are_sitting_by_the_door,2,3,male
clip_00144,data\raw\Audio_Speech_Actors_01-24\Actor_03\03-01-06-01-01-01-03.wav,03-01-06-01-01-01-03.wav,03,audio_only,01,speech,06,fearful,01,normal,01,kids_are_talking_by_the_door,1,3,male
clip_00145,data\raw\Audio_Speech_Actors_01-24\Actor_03\03-01-06-02-01-01-03.wav,03-01-06-02-01-01-03.wav,03,audio_only,01,speech,06,fearful,02,strong,01,kids_are_talking_by_the_door,1,3,male
clip_00146,data\raw\Audio_Speech_Actors_01-24\Actor_03\03-01-06-01-01-02-03.wav,03-01-06-01-01-02-03.wav,03,audio_only,01,speech,06,fearful,01,normal,01,kids_are_talking_by_the_door,2,3,male
clip_00147,data\raw\Audio_Speech_Actors_01-24\Actor_03\03-01-06-02-01-02-03.wav,03-01-06-02-01-02-03.wav,03,audio_only,01,speech,06,fearful,02,strong,01,kids_are_talking_by_the_door,2,3,male
clip_00148,data\raw\Audio_Speech_Actors_01-24\Actor_03\03-01-06-01-02-01-03.wav,03-01-06-01-02-01-03.wav,03,audio_only,01,speech,06,fearful,01,normal,02,dogs_are_sitting_by_the_door,1,3,male
clip_00149,data\raw\Audio_Speech_Actors_01-24\Actor_03\03-01-06-02-02-01-03.wav,03-01-06-02-02-01-03.wav,03,audio_only,01,speech,06,fearful,02,strong,02,dogs_are_sitting_by_the_door,1,3,male
clip_00150,data\raw\Audio_Speech_Actors_01-24\Actor_03\03-01-06-01-02-02-03.wav,03-01-06-01-02-02-03.wav,03,audio_only,01,speech,06,fearful,01,normal,02,dogs_are_sitting_by_the_door,2,3,male
clip_00151,data\raw\Audio_Speech_Actors_01-24\Actor_03\03-01-06-02-02-02-03.wav,03-01-06-02-02-02-03.wav,03,audio_only,01,speech,06,fearful,02,strong,02,dogs_are_sitting_by_the_door,2,3,male
clip_00152,data\raw\Audio_Speech_Actors_01-24\Actor_03\03-01-03-01-01-01-03.wav,03-01-03-01-01-01-03.wav,03,audio_only,01,speech,03,happy,01,normal,01,kids_are_talking_by_the_door,1,3,male
clip_00153,data\raw\Audio_Speech_Actors_01-24\Actor_03\03-01-03-02-01-01-03.wav,03-01-03-02-01-01-03.wav,03,audio_only,01,speech,03,happy,02,strong,01,kids_are_talking_by_the_door,1,3,male
clip_00154,data\raw\Audio_Speech_Actors_01-24\Actor_03\03-01-03-01-01-02-03.wav,03-01-03-01-01-02-03.wav,03,audio_only,01,speech,03,happy,01,normal,01,kids_are_talking_by_the_door,2,3,male
clip_00155,data\raw\Audio_Speech_Actors_01-24\Actor_03\03-01-03-02-01-02-03.wav,03-01-03-02-01-02-03.wav,03,audio_only,01,speech,03,happy,02,strong,01,kids_are_talking_by_the_door,2,3,male
clip_00156,data\raw\Audio_Speech_Actors_01-24\Actor_03\03-01-03-01-02-01-03.wav,03-01-03-01-02-01-03.wav,03,audio_only,01,speech,03,happy,01,normal,02,dogs_are_sitting_by_the_door,1,3,male
clip_00157,data\raw\Audio_Speech_Actors_01-24\Actor_03\03-01-03-02-02-01-03.wav,03-01-03-02-02-01-03.wav,03,audio_only,01,speech,03,happy,02,strong,02,dogs_are_sitting_by_the_door,1,3,male
clip_00158,data\raw\Audio_Speech_Actors_01-24\Actor_03\03-01-03-01-02-02-03.wav,03-01-03-01-02-02-03.wav,03,audio_only,01,speech,03,happy,01,normal,02,dogs_are_sitting_by_the_door,2,3,male
clip_00159,data\raw\Audio_Speech_Actors_01-24\Actor_03\03-01-03-02-02-02-03.wav,03-01-03-02-02-02-03.wav,03,audio_only,01,speech,03,happy,02,strong,02,dogs_are_sitting_by_the_door,2,3,male
clip_00160,data\raw\Audio_Speech_Actors_01-24\Actor_03\03-01-01-01-01-01-03.wav,03-01-01-01-01-01-03.wav,03,audio_only,01,speech,01,neutral,01,normal,01,kids_are_talking_by_the_door,1,3,male
clip_00161,data\raw\Audio_Speech_Actors_01-24\Actor_03\03-01-01-01-01-02-03.wav,03-01-01-01-01-02-03.wav,03,audio_only,01,speech,01,neutral,01,normal,01,kids_are_talking_by_the_door,2,3,male
clip_00162,data\raw\Audio_Speech_Actors_01-24\Actor_03\03-01-01-01-02-01-03.wav,03-01-01-01-02-01-03.wav,03,audio_only,01,speech,01,neutral,01,normal,02,dogs_are_sitting_by_the_door,1,3,male
clip_00163,data\raw\Audio_Speech_Actors_01-24\Actor_03\03-01-01-01-02-02-03.wav,03-01-01-01-02-02-03.wav,03,audio_only,01,speech,01,neutral,01,normal,02,dogs_are_sitting_by_the_door,2,3,male
clip_00164,data\raw\Audio_Speech_Actors_01-24\Actor_03\03-01-04-01-01-01-03.wav,03-01-04-01-01-01-03.wav,03,audio_only,01,speech,04,sad,01,normal,01,kids_are_talking_by_the_door,1,3,male
clip_00165,data\raw\Audio_Speech_Actors_01-24\Actor_03\03-01-04-02-01-01-03.wav,03-01-04-02-01-01-03.wav,03,audio_only,01,speech,04,sad,02,strong,01,kids_are_talking_by_the_door,1,3,male
clip_00166,data\raw\Audio_Speech_Actors_01-24\Actor_03\03-01-04-01-01-02-03.wav,03-01-04-01-01-02-03.wav,03,audio_only,01,speech,04,sad,01,normal,01,kids_are_talking_by_the_door,2,3,male
clip_00167,data\raw\Audio_Speech_Actors_01-24\Actor_03\03-01-04-02-01-02-03.wav,03-01-04-02-01-02-03.wav,03,audio_only,01,speech,04,sad,02,strong,01,kids_are_talking_by_the_door,2,3,male
clip_00168,data\raw\Audio_Speech_Actors_01-24\Actor_03\03-01-04-01-02-01-03.wav,03-01-04-01-02-01-03.wav,03,audio_only,01,speech,04,sad,01,normal,02,dogs_are_sitting_by_the_door,1,3,male
clip_00169,data\raw\Audio_Speech_Actors_01-24\Actor_03\03-01-04-02-02-01-03.wav,03-01-04-02-02-01-03.wav,03,audio_only,01,speech,04,sad,02,strong,02,dogs_are_sitting_by_the_door,1,3,male
clip_00170,data\raw\Audio_Speech_Actors_01-24\Actor_03\03-01-04-01-02-02-03.wav,03-01-04-01-02-02-03.wav,03,audio_only,01,speech,04,sad,01,normal,02,dogs_are_sitting_by_the_door,2,3,male
clip_00171,data\raw\Audio_Speech_Actors_01-24\Actor_03\03-01-04-02-02-02-03.wav,03-01-04-02-02-02-03.wav,03,audio_only,01,speech,04,sad,02,strong,02,dogs_are_sitting_by_the_door,2,3,male
clip_00172,data\raw\Audio_Speech_Actors_01-24\Actor_03\03-01-08-01-01-01-03.wav,03-01-08-01-01-01-03.wav,03,audio_only,01,speech,08,surprised,01,normal,01,kids_are_talking_by_the_door,1,3,male
clip_00173,data\raw\Audio_Speech_Actors_01-24\Actor_03\03-01-08-02-01-01-03.wav,03-01-08-02-01-01-03.wav,03,audio_only,01,speech,08,surprised,02,strong,01,kids_are_talking_by_the_door,1,3,male
clip_00174,data\raw\Audio_Speech_Actors_01-24\Actor_03\03-01-08-01-01-02-03.wav,03-01-08-01-01-02-03.wav,03,audio_only,01,speech,08,surprised,01,normal,01,kids_are_talking_by_the_door,2,3,male
clip_00175,data\raw\Audio_Speech_Actors_01-24\Actor_03\03-01-08-02-01-02-03.wav,03-01-08-02-01-02-03.wav,03,audio_only,01,speech,08,surprised,02,strong,01,kids_are_talking_by_the_door,2,3,male
clip_00176,data\raw\Audio_Speech_Actors_01-24\Actor_03\03-01-08-01-02-01-03.wav,03-01-08-01-02-01-03.wav,03,audio_only,01,speech,08,surprised,01,normal,02,dogs_are_sitting_by_the_door,1,3,male
clip_00177,data\raw\Audio_Speech_Actors_01-24\Actor_03\03-01-08-02-02-01-03.wav,03-01-08-02-02-01-03.wav,03,audio_only,01,speech,08,surprised,02,strong,02,dogs_are_sitting_by_the_door,1,3,male
clip_00178,data\raw\Audio_Speech_Actors_01-24\Actor_03\03-01-08-01-02-02-03.wav,03-01-08-01-02-02-03.wav,03,audio_only,01,speech,08,surprised,01,normal,02,dogs_are_sitting_by_the_door,2,3,male
clip_00179,data\raw\Audio_Speech_Actors_01-24\Actor_03\03-01-08-02-02-02-03.wav,03-01-08-02-02-02-03.wav,03,audio_only,01,speech,08,surprised,02,strong,02,dogs_are_sitting_by_the_door,2,3,male
clip_00180,data\raw\Audio_Speech_Actors_01-24\Actor_04\03-01-05-01-01-01-04.wav,03-01-05-01-01-01-04.wav,03,audio_only,01,speech,05,angry,01,normal,01,kids_are_talking_by_the_door,1,4,female
clip_00181,data\raw\Audio_Speech_Actors_01-24\Actor_04\03-01-05-02-01-01-04.wav,03-01-05-02-01-01-04.wav,03,audio_only,01,speech,05,angry,02,strong,01,kids_are_talking_by_the_door,1,4,female
clip_00182,data\raw\Audio_Speech_Actors_01-24\Actor_04\03-01-05-01-01-02-04.wav,03-01-05-01-01-02-04.wav,03,audio_only,01,speech,05,angry,01,normal,01,kids_are_talking_by_the_door,2,4,female
clip_00183,data\raw\Audio_Speech_Actors_01-24\Actor_04\03-01-05-02-01-02-04.wav,03-01-05-02-01-02-04.wav,03,audio_only,01,speech,05,angry,02,strong,01,kids_are_talking_by_the_door,2,4,female
clip_00184,data\raw\Audio_Speech_Actors_01-24\Actor_04\03-01-05-01-02-01-04.wav,03-01-05-01-02-01-04.wav,03,audio_only,01,speech,05,angry,01,normal,02,dogs_are_sitting_by_the_door,1,4,female
clip_00185,data\raw\Audio_Speech_Actors_01-24\Actor_04\03-01-05-02-02-01-04.wav,03-01-05-02-02-01-04.wav,03,audio_only,01,speech,05,angry,02,strong,02,dogs_are_sitting_by_the_door,1,4,female
clip_00186,data\raw\Audio_Speech_Actors_01-24\Actor_04\03-01-05-01-02-02-04.wav,03-01-05-01-02-02-04.wav,03,audio_only,01,speech,05,angry,01,normal,02,dogs_are_sitting_by_the_door,2,4,female
clip_00187,data\raw\Audio_Speech_Actors_01-24\Actor_04\03-01-05-02-02-02-04.wav,03-01-05-02-02-02-04.wav,03,audio_only,01,speech,05,angry,02,strong,02,dogs_are_sitting_by_the_door,2,4,female
clip_00188,data\raw\Audio_Speech_Actors_01-24\Actor_04\03-01-02-01-01-01-04.wav,03-01-02-01-01-01-04.wav,03,audio_only,01,speech,02,calm,01,normal,01,kids_are_talking_by_the_door,1,4,female
clip_00189,data\raw\Audio_Speech_Actors_01-24\Actor_04\03-01-02-02-01-01-04.wav,03-01-02-02-01-01-04.wav,03,audio_only,01,speech,02,calm,02,strong,01,kids_are_talking_by_the_door,1,4,female
clip_00190,data\raw\Audio_Speech_Actors_01-24\Actor_04\03-01-02-01-01-02-04.wav,03-01-02-01-01-02-04.wav,03,audio_only,01,speech,02,calm,01,normal,01,kids_are_talking_by_the_door,2,4,female
clip_00191,data\raw\Audio_Speech_Actors_01-24\Actor_04\03-01-02-02-01-02-04.wav,03-01-02-02-01-02-04.wav,03,audio_only,01,speech,02,calm,02,strong,01,kids_are_talking_by_the_door,2,4,female
clip_00192,data\raw\Audio_Speech_Actors_01-24\Actor_04\03-01-02-01-02-01-04.wav,03-01-02-01-02-01-04.wav,03,audio_only,01,speech,02,calm,01,normal,02,dogs_are_sitting_by_the_door,1,4,female
clip_00193,data\raw\Audio_Speech_Actors_01-24\Actor_04\03-01-02-02-02-01-04.wav,03-01-02-02-02-01-04.wav,03,audio_only,01,speech,02,calm,02,strong,02,dogs_are_sitting_by_the_door,1,4,female
clip_00194,data\raw\Audio_Speech_Actors_01-24\Actor_04\03-01-02-01-02-02-04.wav,03-01-02-01-02-02-04.wav,03,audio_only,01,speech,02,calm,01,normal,02,dogs_are_sitting_by_the_door,2,4,female
clip_00195,data\raw\Audio_Speech_Actors_01-24\Actor_04\03-01-02-02-02-02-04.wav,03-01-02-02-02-02-04.wav,03,audio_only,01,speech,02,calm,02,strong,02,dogs_are_sitting_by_the_door,2,4,female
clip_00196,data\raw\Audio_Speech_Actors_01-24\Actor_04\03-01-07-01-01-01-04.wav,03-01-07-01-01-01-04.wav,03,audio_only,01,speech,07,disgust,01,normal,01,kids_are_talking_by_the_door,1,4,female
clip_00197,data\raw\Audio_Speech_Actors_01-24\Actor_04\03-01-07-02-01-01-04.wav,03-01-07-02-01-01-04.wav,03,audio_only,01,speech,07,disgust,02,strong,01,kids_are_talking_by_the_door,1,4,female
clip_00198,data\raw\Audio_Speech_Actors_01-24\Actor_04\03-01-07-01-01-02-04.wav,03-01-07-01-01-02-04.wav,03,audio_only,01,speech,07,disgust,01,normal,01,kids_are_talking_by_the_door,2,4,female
clip_00199,data\raw\Audio_Speech_Actors_01-24\Actor_04\03-01-07-02-01-02-04.wav,03-01-07-02-01-02-04.wav,03,audio_only,01,speech,07,disgust,02,strong,01,kids_are_talking_by_the_door,2,4,female
clip_00200,data\raw\Audio_Speech_Actors_01-24\Actor_04\03-01-07-01-02-01-04.wav,03-01-07-01-02-01-04.wav,03,audio_only,01,speech,07,disgust,01,normal,02,dogs_are_sitting_by_the_door,1,4,female
clip_00201,data\raw\Audio_Speech_Actors_01-24\Actor_04\03-01-07-02-02-01-04.wav,03-01-07-02-02-01-04.wav,03,audio_only,01,speech,07,disgust,02,strong,02,dogs_are_sitting_by_the_door,1,4,female
clip_00202,data\raw\Audio_Speech_Actors_01-24\Actor_04\03-01-07-01-02-02-04.wav,03-01-07-01-02-02-04.wav,03,audio_only,01,speech,07,disgust,01,normal,02,dogs_are_sitting_by_the_door,2,4,female
clip_00203,data\raw\Audio_Speech_Actors_01-24\Actor_04\03-01-07-02-02-02-04.wav,03-01-07-02-02-02-04.wav,03,audio_only,01,speech,07,disgust,02,strong,02,dogs_are_sitting_by_the_door,2,4,female
clip_00204,data\raw\Audio_Speech_Actors_01-24\Actor_04\03-01-06-01-01-01-04.wav,03-01-06-01-01-01-04.wav,03,audio_only,01,speech,06,fearful,01,normal,01,kids_are_talking_by_the_door,1,4,female
clip_00205,data\raw\Audio_Speech_Actors_01-24\Actor_04\03-01-06-02-01-01-04.wav,03-01-06-02-01-01-04.wav,03,audio_only,01,speech,06,fearful,02,strong,01,kids_are_talking_by_the_door,1,4,female
clip_00206,data\raw\Audio_Speech_Actors_01-24\Actor_04\03-01-06-01-01-02-04.wav,03-01-06-01-01-02-04.wav,03,audio_only,01,speech,06,fearful,01,normal,01,kids_are_talking_by_the_door,2,4,female
clip_00207,data\raw\Audio_Speech_Actors_01-24\Actor_04\03-01-06-02-01-02-04.wav,03-01-06-02-01-02-04.wav,03,audio_only,01,speech,06,fearful,02,strong,01,kids_are_talking_by_the_door,2,4,female
clip_00208,data\raw\Audio_Speech_Actors_01-24\Actor_04\03-01-06-01-02-01-04.wav,03-01-06-01-02-01-04.wav,03,audio_only,01,speech,06,fearful,01,normal,02,dogs_are_sitting_by_the_door,1,4,female
clip_00209,data\raw\Audio_Speech_Actors_01-24\Actor_04\03-01-06-02-02-01-04.wav,03-01-06-02-02-01-04.wav,03,audio_only,01,speech,06,fearful,02,strong,02,dogs_are_sitting_by_the_door,1,4,female
clip_00210,data\raw\Audio_Speech_Actors_01-24\Actor_04\03-01-06-01-02-02-04.wav,03-01-06-01-02-02-04.wav,03,audio_only,01,speech,06,fearful,01,normal,02,dogs_are_sitting_by_the_door,2,4,female
clip_00211,data\raw\Audio_Speech_Actors_01-24\Actor_04\03-01-06-02-02-02-04.wav,03-01-06-02-02-02-04.wav,03,audio_only,01,speech,06,fearful,02,strong,02,dogs_are_sitting_by_the_door,2,4,female
clip_00212,data\raw\Audio_Speech_Actors_01-24\Actor_04\03-01-03-01-01-01-04.wav,03-01-03-01-01-01-04.wav,03,audio_only,01,speech,03,happy,01,normal,01,kids_are_talking_by_the_door,1,4,female
clip_00213,data\raw\Audio_Speech_Actors_01-24\Actor_04\03-01-03-02-01-01-04.wav,03-01-03-02-01-01-04.wav,03,audio_only,01,speech,03,happy,02,strong,01,kids_are_talking_by_the_door,1,4,female
clip_00214,data\raw\Audio_Speech_Actors_01-24\Actor_04\03-01-03-01-01-02-04.wav,03-01-03-01-01-02-04.wav,03,audio_only,01,speech,03,happy,01,normal,01,kids_are_talking_by_the_door,2,4,female
clip_00215,data\raw\Audio_Speech_Actors_01-24\Actor_04\03-01-03-02-01-02-04.wav,03-01-03-02-01-02-04.wav,03,audio_only,01,speech,03,happy,02,strong,01,kids_are_talking_by_the_door,2,4,female
clip_00216,data\raw\Audio_Speech_Actors_01-24\Actor_04\03-01-03-01-02-01-04.wav,03-01-03-01-02-01-04.wav,03,audio_only,01,speech,03,happy,01,normal,02,dogs_are_sitting_by_the_door,1,4,female
clip_00217,data\raw\Audio_Speech_Actors_01-24\Actor_04\03-01-03-02-02-01-04.wav,03-01-03-02-02-01-04.wav,03,audio_only,01,speech,03,happy,02,strong,02,dogs_are_sitting_by_the_door,1,4,female
clip_00218,data\raw\Audio_Speech_Actors_01-24\Actor_04\03-01-03-01-02-02-04.wav,03-01-03-01-02-02-04.wav,03,audio_only,01,speech,03,happy,01,normal,02,dogs_are_sitting_by_the_door,2,4,female
clip_00219,data\raw\Audio_Speech_Actors_01-24\Actor_04\03-01-03-02-02-02-04.wav,03-01-03-02-02-02-04.wav,03,audio_only,01,speech,03,happy,02,strong,02,dogs_are_sitting_by_the_door,2,4,female
clip_00220,data\raw\Audio_Speech_Actors_01-24\Actor_04\03-01-01-01-01-01-04.wav,03-01-01-01-01-01-04.wav,03,audio_only,01,speech,01,neutral,01,normal,01,kids_are_talking_by_the_door,1,4,female
clip_00221,data\raw\Audio_Speech_Actors_01-24\Actor_04\03-01-01-01-01-02-04.wav,03-01-01-01-01-02-04.wav,03,audio_only,01,speech,01,neutral,01,normal,01,kids_are_talking_by_the_door,2,4,female
clip_00222,data\raw\Audio_Speech_Actors_01-24\Actor_04\03-01-01-01-02-01-04.wav,03-01-01-01-02-01-04.wav,03,audio_only,01,speech,01,neutral,01,normal,02,dogs_are_sitting_by_the_door,1,4,female
clip_00223,data\raw\Audio_Speech_Actors_01-24\Actor_04\03-01-01-01-02-02-04.wav,03-01-01-01-02-02-04.wav,03,audio_only,01,speech,01,neutral,01,normal,02,dogs_are_sitting_by_the_door,2,4,female
clip_00224,data\raw\Audio_Speech_Actors_01-24\Actor_04\03-01-04-01-01-01-04.wav,03-01-04-01-01-01-04.wav,03,audio_only,01,speech,04,sad,01,normal,01,kids_are_talking_by_the_door,1,4,female
clip_00225,data\raw\Audio_Speech_Actors_01-24\Actor_04\03-01-04-02-01-01-04.wav,03-01-04-02-01-01-04.wav,03,audio_only,01,speech,04,sad,02,strong,01,kids_are_talking_by_the_door,1,4,female
clip_00226,data\raw\Audio_Speech_Actors_01-24\Actor_04\03-01-04-01-01-02-04.wav,03-01-04-01-01-02-04.wav,03,audio_only,01,speech,04,sad,01,normal,01,kids_are_talking_by_the_door,2,4,female
clip_00227,data\raw\Audio_Speech_Actors_01-24\Actor_04\03-01-04-02-01-02-04.wav,03-01-04-02-01-02-04.wav,03,audio_only,01,speech,04,sad,02,strong,01,kids_are_talking_by_the_door,2,4,female
clip_00228,data\raw\Audio_Speech_Actors_01-24\Actor_04\03-01-04-01-02-01-04.wav,03-01-04-01-02-01-04.wav,03,audio_only,01,speech,04,sad,01,normal,02,dogs_are_sitting_by_the_door,1,4,female
clip_00229,data\raw\Audio_Speech_Actors_01-24\Actor_04\03-01-04-02-02-01-04.wav,03-01-04-02-02-01-04.wav,03,audio_only,01,speech,04,sad,02,strong,02,dogs_are_sitting_by_the_door,1,4,female
clip_00230,data\raw\Audio_Speech_Actors_01-24\Actor_04\03-01-04-01-02-02-04.wav,03-01-04-01-02-02-04.wav,03,audio_only,01,speech,04,sad,01,normal,02,dogs_are_sitting_by_the_door,2,4,female
clip_00231,data\raw\Audio_Speech_Actors_01-24\Actor_04\03-01-04-02-02-02-04.wav,03-01-04-02-02-02-04.wav,03,audio_only,01,speech,04,sad,02,strong,02,dogs_are_sitting_by_the_door,2,4,female
clip_00232,data\raw\Audio_Speech_Actors_01-24\Actor_04\03-01-08-01-01-01-04.wav,03-01-08-01-01-01-04.wav,03,audio_only,01,speech,08,surprised,01,normal,01,kids_are_talking_by_the_door,1,4,female
clip_00233,data\raw\Audio_Speech_Actors_01-24\Actor_04\03-01-08-02-01-01-04.wav,03-01-08-02-01-01-04.wav,03,audio_only,01,speech,08,surprised,02,strong,01,kids_are_talking_by_the_door,1,4,female
clip_00234,data\raw\Audio_Speech_Actors_01-24\Actor_04\03-01-08-01-01-02-04.wav,03-01-08-01-01-02-04.wav,03,audio_only,01,speech,08,surprised,01,normal,01,kids_are_talking_by_the_door,2,4,female
clip_00235,data\raw\Audio_Speech_Actors_01-24\Actor_04\03-01-08-02-01-02-04.wav,03-01-08-02-01-02-04.wav,03,audio_only,01,speech,08,surprised,02,strong,01,kids_are_talking_by_the_door,2,4,female
clip_00236,data\raw\Audio_Speech_Actors_01-24\Actor_04\03-01-08-01-02-01-04.wav,03-01-08-01-02-01-04.wav,03,audio_only,01,speech,08,surprised,01,normal,02,dogs_are_sitting_by_the_door,1,4,female
clip_00237,data\raw\Audio_Speech_Actors_01-24\Actor_04\03-01-08-02-02-01-04.wav,03-01-08-02-02-01-04.wav,03,audio_only,01,speech,08,surprised,02,strong,02,dogs_are_sitting_by_the_door,1,4,female
clip_00238,data\raw\Audio_Speech_Actors_01-24\Actor_04\03-01-08-01-02-02-04.wav,03-01-08-01-02-02-04.wav,03,audio_only,01,speech,08,surprised,01,normal,02,dogs_are_sitting_by_the_door,2,4,female
clip_00239,data\raw\Audio_Speech_Actors_01-24\Actor_04\03-01-08-02-02-02-04.wav,03-01-08-02-02-02-04.wav,03,audio_only,01,speech,08,surprised,02,strong,02,dogs_are_sitting_by_the_door,2,4,female
clip_00240,data\raw\Audio_Speech_Actors_01-24\Actor_05\03-01-05-01-01-01-05.wav,03-01-05-01-01-01-05.wav,03,audio_only,01,speech,05,angry,01,normal,01,kids_are_talking_by_the_door,1,5,male
clip_00241,data\raw\Audio_Speech_Actors_01-24\Actor_05\03-01-05-02-01-01-05.wav,03-01-05-02-01-01-05.wav,03,audio_only,01,speech,05,angry,02,strong,01,kids_are_talking_by_the_door,1,5,male
clip_00242,data\raw\Audio_Speech_Actors_01-24\Actor_05\03-01-05-01-01-02-05.wav,03-01-05-01-01-02-05.wav,03,audio_only,01,speech,05,angry,01,normal,01,kids_are_talking_by_the_door,2,5,male
clip_00243,data\raw\Audio_Speech_Actors_01-24\Actor_05\03-01-05-02-01-02-05.wav,03-01-05-02-01-02-05.wav,03,audio_only,01,speech,05,angry,02,strong,01,kids_are_talking_by_the_door,2,5,male
clip_00244,data\raw\Audio_Speech_Actors_01-24\Actor_05\03-01-05-01-02-01-05.wav,03-01-05-01-02-01-05.wav,03,audio_only,01,speech,05,angry,01,normal,02,dogs_are_sitting_by_the_door,1,5,male
clip_00245,data\raw\Audio_Speech_Actors_01-24\Actor_05\03-01-05-02-02-01-05.wav,03-01-05-02-02-01-05.wav,03,audio_only,01,speech,05,angry,02,strong,02,dogs_are_sitting_by_the_door,1,5,male
clip_00246,data\raw\Audio_Speech_Actors_01-24\Actor_05\03-01-05-01-02-02-05.wav,03-01-05-01-02-02-05.wav,03,audio_only,01,speech,05,angry,01,normal,02,dogs_are_sitting_by_the_door,2,5,male
clip_00247,data\raw\Audio_Speech_Actors_01-24\Actor_05\03-01-05-02-02-02-05.wav,03-01-05-02-02-02-05.wav,03,audio_only,01,speech,05,angry,02,strong,02,dogs_are_sitting_by_the_door,2,5,male
clip_00248,data\raw\Audio_Speech_Actors_01-24\Actor_05\03-01-02-01-01-01-05.wav,03-01-02-01-01-01-05.wav,03,audio_only,01,speech,02,calm,01,normal,01,kids_are_talking_by_the_door,1,5,male
clip_00249,data\raw\Audio_Speech_Actors_01-24\Actor_05\03-01-02-02-01-01-05.wav,03-01-02-02-01-01-05.wav,03,audio_only,01,speech,02,calm,02,strong,01,kids_are_talking_by_the_door,1,5,male
clip_00250,data\raw\Audio_Speech_Actors_01-24\Actor_05\03-01-02-01-01-02-05.wav,03-01-02-01-01-02-05.wav,03,audio_only,01,speech,02,calm,01,normal,01,kids_are_talking_by_the_door,2,5,male
clip_00251,data\raw\Audio_Speech_Actors_01-24\Actor_05\03-01-02-02-01-02-05.wav,03-01-02-02-01-02-05.wav,03,audio_only,01,speech,02,calm,02,strong,01,kids_are_talking_by_the_door,2,5,male
clip_00252,data\raw\Audio_Speech_Actors_01-24\Actor_05\03-01-02-01-02-01-05.wav,03-01-02-01-02-01-05.wav,03,audio_only,01,speech,02,calm,01,normal,02,dogs_are_sitting_by_the_door,1,5,male
clip_00253,data\raw\Audio_Speech_Actors_01-24\Actor_05\03-01-02-02-02-01-05.wav,03-01-02-02-02-01-05.wav,03,audio_only,01,speech,02,calm,02,strong,02,dogs_are_sitting_by_the_door,1,5,male
clip_00254,data\raw\Audio_Speech_Actors_01-24\Actor_05\03-01-02-01-02-02-05.wav,03-01-02-01-02-02-05.wav,03,audio_only,01,speech,02,calm,01,normal,02,dogs_are_sitting_by_the_door,2,5,male
clip_00255,data\raw\Audio_Speech_Actors_01-24\Actor_05\03-01-02-02-02-02-05.wav,03-01-02-02-02-02-05.wav,03,audio_only,01,speech,02,calm,02,strong,02,dogs_are_sitting_by_the_door,2,5,male
clip_00256,data\raw\Audio_Speech_Actors_01-24\Actor_05\03-01-07-01-01-01-05.wav,03-01-07-01-01-01-05.wav,03,audio_only,01,speech,07,disgust,01,normal,01,kids_are_talking_by_the_door,1,5,male
clip_00257,data\raw\Audio_Speech_Actors_01-24\Actor_05\03-01-07-02-01-01-05.wav,03-01-07-02-01-01-05.wav,03,audio_only,01,speech,07,disgust,02,strong,01,kids_are_talking_by_the_door,1,5,male
clip_00258,data\raw\Audio_Speech_Actors_01-24\Actor_05\03-01-07-01-01-02-05.wav,03-01-07-01-01-02-05.wav,03,audio_only,01,speech,07,disgust,01,normal,01,kids_are_talking_by_the_door,2,5,male
clip_00259,data\raw\Audio_Speech_Actors_01-24\Actor_05\03-01-07-02-01-02-05.wav,03-01-07-02-01-02-05.wav,03,audio_only,01,speech,07,disgust,02,strong,01,kids_are_talking_by_the_door,2,5,male
clip_00260,data\raw\Audio_Speech_Actors_01-24\Actor_05\03-01-07-01-02-01-05.wav,03-01-07-01-02-01-05.wav,03,audio_only,01,speech,07,disgust,01,normal,02,dogs_are_sitting_by_the_door,1,5,male
clip_00261,data\raw\Audio_Speech_Actors_01-24\Actor_05\03-01-07-02-02-01-05.wav,03-01-07-02-02-01-05.wav,03,audio_only,01,speech,07,disgust,02,strong,02,dogs_are_sitting_by_the_door,1,5,male
clip_00262,data\raw\Audio_Speech_Actors_01-24\Actor_05\03-01-07-01-02-02-05.wav,03-01-07-01-02-02-05.wav,03,audio_only,01,speech,07,disgust,01,normal,02,dogs_are_sitting_by_the_door,2,5,male
clip_00263,data\raw\Audio_Speech_Actors_01-24\Actor_05\03-01-07-02-02-02-05.wav,03-01-07-02-02-02-05.wav,03,audio_only,01,speech,07,disgust,02,strong,02,dogs_are_sitting_by_the_door,2,5,male
clip_00264,data\raw\Audio_Speech_Actors_01-24\Actor_05\03-01-06-01-01-01-05.wav,03-01-06-01-01-01-05.wav,03,audio_only,01,speech,06,fearful,01,normal,01,kids_are_talking_by_the_door,1,5,male
clip_00265,data\raw\Audio_Speech_Actors_01-24\Actor_05\03-01-06-02-01-01-05.wav,03-01-06-02-01-01-05.wav,03,audio_only,01,speech,06,fearful,02,strong,01,kids_are_talking_by_the_door,1,5,male
clip_00266,data\raw\Audio_Speech_Actors_01-24\Actor_05\03-01-06-01-01-02-05.wav,03-01-06-01-01-02-05.wav,03,audio_only,01,speech,06,fearful,01,normal,01,kids_are_talking_by_the_door,2,5,male
clip_00267,data\raw\Audio_Speech_Actors_01-24\Actor_05\03-01-06-02-01-02-05.wav,03-01-06-02-01-02-05.wav,03,audio_only,01,speech,06,fearful,02,strong,01,kids_are_talking_by_the_door,2,5,male
clip_00268,data\raw\Audio_Speech_Actors_01-24\Actor_05\03-01-06-01-02-01-05.wav,03-01-06-01-02-01-05.wav,03,audio_only,01,speech,06,fearful,01,normal,02,dogs_are_sitting_by_the_door,1,5,male
clip_00269,data\raw\Audio_Speech_Actors_01-24\Actor_05\03-01-06-02-02-01-05.wav,03-01-06-02-02-01-05.wav,03,audio_only,01,speech,06,fearful,02,strong,02,dogs_are_sitting_by_the_door,1,5,male
clip_00270,data\raw\Audio_Speech_Actors_01-24\Actor_05\03-01-06-01-02-02-05.wav,03-01-06-01-02-02-05.wav,03,audio_only,01,speech,06,fearful,01,normal,02,dogs_are_sitting_by_the_door,2,5,male
clip_00271,data\raw\Audio_Speech_Actors_01-24\Actor_05\03-01-06-02-02-02-05.wav,03-01-06-02-02-02-05.wav,03,audio_only,01,speech,06,fearful,02,strong,02,dogs_are_sitting_by_the_door,2,5,male
clip_00272,data\raw\Audio_Speech_Actors_01-24\Actor_05\03-01-03-01-01-01-05.wav,03-01-03-01-01-01-05.wav,03,audio_only,01,speech,03,happy,01,normal,01,kids_are_talking_by_the_door,1,5,male
clip_00273,data\raw\Audio_Speech_Actors_01-24\Actor_05\03-01-03-02-01-01-05.wav,03-01-03-02-01-01-05.wav,03,audio_only,01,speech,03,happy,02,strong,01,kids_are_talking_by_the_door,1,5,male
clip_00274,data\raw\Audio_Speech_Actors_01-24\Actor_05\03-01-03-01-01-02-05.wav,03-01-03-01-01-02-05.wav,03,audio_only,01,speech,03,happy,01,normal,01,kids_are_talking_by_the_door,2,5,male
clip_00275,data\raw\Audio_Speech_Actors_01-24\Actor_05\03-01-03-02-01-02-05.wav,03-01-03-02-01-02-05.wav,03,audio_only,01,speech,03,happy,02,strong,01,kids_are_talking_by_the_door,2,5,male
clip_00276,data\raw\Audio_Speech_Actors_01-24\Actor_05\03-01-03-01-02-01-05.wav,03-01-03-01-02-01-05.wav,03,audio_only,01,speech,03,happy,01,normal,02,dogs_are_sitting_by_the_door,1,5,male
clip_00277,data\raw\Audio_Speech_Actors_01-24\Actor_05\03-01-03-02-02-01-05.wav,03-01-03-02-02-01-05.wav,03,audio_only,01,speech,03,happy,02,strong,02,dogs_are_sitting_by_the_door,1,5,male
clip_00278,data\raw\Audio_Speech_Actors_01-24\Actor_05\03-01-03-01-02-02-05.wav,03-01-03-01-02-02-05.wav,03,audio_only,01,speech,03,happy,01,normal,02,dogs_are_sitting_by_the_door,2,5,male
clip_00279,data\raw\Audio_Speech_Actors_01-24\Actor_05\03-01-03-02-02-02-05.wav,03-01-03-02-02-02-05.wav,03,audio_only,01,speech,03,happy,02,strong,02,dogs_are_sitting_by_the_door,2,5,male
clip_00280,data\raw\Audio_Speech_Actors_01-24\Actor_05\03-01-01-01-01-01-05.wav,03-01-01-01-01-01-05.wav,03,audio_only,01,speech,01,neutral,01,normal,01,kids_are_talking_by_the_door,1,5,male
clip_00281,data\raw\Audio_Speech_Actors_01-24\Actor_05\03-01-01-01-01-02-05.wav,03-01-01-01-01-02-05.wav,03,audio_only,01,speech,01,neutral,01,normal,01,kids_are_talking_by_the_door,2,5,male
clip_00282,data\raw\Audio_Speech_Actors_01-24\Actor_05\03-01-01-01-02-01-05.wav,03-01-01-01-02-01-05.wav,03,audio_only,01,speech,01,neutral,01,normal,02,dogs_are_sitting_by_the_door,1,5,male
clip_00283,data\raw\Audio_Speech_Actors_01-24\Actor_05\03-01-01-01-02-02-05.wav,03-01-01-01-02-02-05.wav,03,audio_only,01,speech,01,neutral,01,normal,02,dogs_are_sitting_by_the_door,2,5,male
clip_00284,data\raw\Audio_Speech_Actors_01-24\Actor_05\03-01-04-01-01-01-05.wav,03-01-04-01-01-01-05.wav,03,audio_only,01,speech,04,sad,01,normal,01,kids_are_talking_by_the_door,1,5,male
clip_00285,data\raw\Audio_Speech_Actors_01-24\Actor_05\03-01-04-02-01-01-05.wav,03-01-04-02-01-01-05.wav,03,audio_only,01,speech,04,sad,02,strong,01,kids_are_talking_by_the_door,1,5,male
clip_00286,data\raw\Audio_Speech_Actors_01-24\Actor_05\03-01-04-01-01-02-05.wav,03-01-04-01-01-02-05.wav,03,audio_only,01,speech,04,sad,01,normal,01,kids_are_talking_by_the_door,2,5,male
clip_00287,data\raw\Audio_Speech_Actors_01-24\Actor_05\03-01-04-02-01-02-05.wav,03-01-04-02-01-02-05.wav,03,audio_only,01,speech,04,sad,02,strong,01,kids_are_talking_by_the_door,2,5,male
clip_00288,data\raw\Audio_Speech_Actors_01-24\Actor_05\03-01-04-01-02-01-05.wav,03-01-04-01-02-01-05.wav,03,audio_only,01,speech,04,sad,01,normal,02,dogs_are_sitting_by_the_door,1,5,male
clip_00289,data\raw\Audio_Speech_Actors_01-24\Actor_05\03-01-04-02-02-01-05.wav,03-01-04-02-02-01-05.wav,03,audio_only,01,speech,04,sad,02,strong,02,dogs_are_sitting_by_the_door,1,5,male
clip_00290,data\raw\Audio_Speech_Actors_01-24\Actor_05\03-01-04-01-02-02-05.wav,03-01-04-01-02-02-05.wav,03,audio_only,01,speech,04,sad,01,normal,02,dogs_are_sitting_by_the_door,2,5,male
clip_00291,data\raw\Audio_Speech_Actors_01-24\Actor_05\03-01-04-02-02-02-05.wav,03-01-04-02-02-02-05.wav,03,audio_only,01,speech,04,sad,02,strong,02,dogs_are_sitting_by_the_door,2,5,male
clip_00292,data\raw\Audio_Speech_Actors_01-24\Actor_05\03-01-08-01-01-01-05.wav,03-01-08-01-01-01-05.wav,03,audio_only,01,speech,08,surprised,01,normal,01,kids_are_talking_by_the_door,1,5,male
clip_00293,data\raw\Audio_Speech_Actors_01-24\Actor_05\03-01-08-02-01-01-05.wav,03-01-08-02-01-01-05.wav,03,audio_only,01,speech,08,surprised,02,strong,01,kids_are_talking_by_the_door,1,5,male
clip_00294,data\raw\Audio_Speech_Actors_01-24\Actor_05\03-01-08-01-01-02-05.wav,03-01-08-01-01-02-05.wav,03,audio_only,01,speech,08,surprised,01,normal,01,kids_are_talking_by_the_door,2,5,male
clip_00295,data\raw\Audio_Speech_Actors_01-24\Actor_05\03-01-08-02-01-02-05.wav,03-01-08-02-01-02-05.wav,03,audio_only,01,speech,08,surprised,02,strong,01,kids_are_talking_by_the_door,2,5,male
clip_00296,data\raw\Audio_Speech_Actors_01-24\Actor_05\03-01-08-01-02-01-05.wav,03-01-08-01-02-01-05.wav,03,audio_only,01,speech,08,surprised,01,normal,02,dogs_are_sitting_by_the_door,1,5,male
clip_00297,data\raw\Audio_Speech_Actors_01-24\Actor_05\03-01-08-02-02-01-05.wav,03-01-08-02-02-01-05.wav,03,audio_only,01,speech,08,surprised,02,strong,02,dogs_are_sitting_by_the_door,1,5,male
clip_00298,data\raw\Audio_Speech_Actors_01-24\Actor_05\03-01-08-01-02-02-05.wav,03-01-08-01-02-02-05.wav,03,audio_only,01,speech,08,surprised,01,normal,02,dogs_are_sitting_by_the_door,2,5,male
clip_00299,data\raw\Audio_Speech_Actors_01-24\Actor_05\03-01-08-02-02-02-05.wav,03-01-08-02-02-02-05.wav,03,audio_only,01,speech,08,surprised,02,strong,02,dogs_are_sitting_by_the_door,2,5,male
clip_00300,data\raw\Audio_Speech_Actors_01-24\Actor_06\03-01-05-01-01-01-06.wav,03-01-05-01-01-01-06.wav,03,audio_only,01,speech,05,angry,01,normal,01,kids_are_talking_by_the_door,1,6,female
clip_00301,data\raw\Audio_Speech_Actors_01-24\Actor_06\03-01-05-02-01-01-06.wav,03-01-05-02-01-01-06.wav,03,audio_only,01,speech,05,angry,02,strong,01,kids_are_talking_by_the_door,1,6,female
clip_00302,data\raw\Audio_Speech_Actors_01-24\Actor_06\03-01-05-01-01-02-06.wav,03-01-05-01-01-02-06.wav,03,audio_only,01,speech,05,angry,01,normal,01,kids_are_talking_by_the_door,2,6,female
clip_00303,data\raw\Audio_Speech_Actors_01-24\Actor_06\03-01-05-02-01-02-06.wav,03-01-05-02-01-02-06.wav,03,audio_only,01,speech,05,angry,02,strong,01,kids_are_talking_by_the_door,2,6,female
clip_00304,data\raw\Audio_Speech_Actors_01-24\Actor_06\03-01-05-01-02-01-06.wav,03-01-05-01-02-01-06.wav,03,audio_only,01,speech,05,angry,01,normal,02,dogs_are_sitting_by_the_door,1,6,female
clip_00305,data\raw\Audio_Speech_Actors_01-24\Actor_06\03-01-05-02-02-01-06.wav,03-01-05-02-02-01-06.wav,03,audio_only,01,speech,05,angry,02,strong,02,dogs_are_sitting_by_the_door,1,6,female
clip_00306,data\raw\Audio_Speech_Actors_01-24\Actor_06\03-01-05-01-02-02-06.wav,03-01-05-01-02-02-06.wav,03,audio_only,01,speech,05,angry,01,normal,02,dogs_are_sitting_by_the_door,2,6,female
clip_00307,data\raw\Audio_Speech_Actors_01-24\Actor_06\03-01-05-02-02-02-06.wav,03-01-05-02-02-02-06.wav,03,audio_only,01,speech,05,angry,02,strong,02,dogs_are_sitting_by_the_door,2,6,female
clip_00308,data\raw\Audio_Speech_Actors_01-24\Actor_06\03-01-02-01-01-01-06.wav,03-01-02-01-01-01-06.wav,03,audio_only,01,speech,02,calm,01,normal,01,kids_are_talking_by_the_door,1,6,female
clip_00309,data\raw\Audio_Speech_Actors_01-24\Actor_06\03-01-02-02-01-01-06.wav,03-01-02-02-01-01-06.wav,03,audio_only,01,speech,02,calm,02,strong,01,kids_are_talking_by_the_door,1,6,female
clip_00310,data\raw\Audio_Speech_Actors_01-24\Actor_06\03-01-02-01-01-02-06.wav,03-01-02-01-01-02-06.wav,03,audio_only,01,speech,02,calm,01,normal,01,kids_are_talking_by_the_door,2,6,female
clip_00311,data\raw\Audio_Speech_Actors_01-24\Actor_06\03-01-02-02-01-02-06.wav,03-01-02-02-01-02-06.wav,03,audio_only,01,speech,02,calm,02,strong,01,kids_are_talking_by_the_door,2,6,female
clip_00312,data\raw\Audio_Speech_Actors_01-24\Actor_06\03-01-02-01-02-01-06.wav,03-01-02-01-02-01-06.wav,03,audio_only,01,speech,02,calm,01,normal,02,dogs_are_sitting_by_the_door,1,6,female
clip_00313,data\raw\Audio_Speech_Actors_01-24\Actor_06\03-01-02-02-02-01-06.wav,03-01-02-02-02-01-06.wav,03,audio_only,01,speech,02,calm,02,strong,02,dogs_are_sitting_by_the_door,1,6,female
clip_00314,data\raw\Audio_Speech_Actors_01-24\Actor_06\03-01-02-01-02-02-06.wav,03-01-02-01-02-02-06.wav,03,audio_only,01,speech,02,calm,01,normal,02,dogs_are_sitting_by_the_door,2,6,female
clip_00315,data\raw\Audio_Speech_Actors_01-24\Actor_06\03-01-02-02-02-02-06.wav,03-01-02-02-02-02-06.wav,03,audio_only,01,speech,02,calm,02,strong,02,dogs_are_sitting_by_the_door,2,6,female
clip_00316,data\raw\Audio_Speech_Actors_01-24\Actor_06\03-01-07-01-01-01-06.wav,03-01-07-01-01-01-06.wav,03,audio_only,01,speech,07,disgust,01,normal,01,kids_are_talking_by_the_door,1,6,female
clip_00317,data\raw\Audio_Speech_Actors_01-24\Actor_06\03-01-07-02-01-01-06.wav,03-01-07-02-01-01-06.wav,03,audio_only,01,speech,07,disgust,02,strong,01,kids_are_talking_by_the_door,1,6,female
clip_00318,data\raw\Audio_Speech_Actors_01-24\Actor_06\03-01-07-01-01-02-06.wav,03-01-07-01-01-02-06.wav,03,audio_only,01,speech,07,disgust,01,normal,01,kids_are_talking_by_the_door,2,6,female
clip_00319,data\raw\Audio_Speech_Actors_01-24\Actor_06\03-01-07-02-01-02-06.wav,03-01-07-02-01-02-06.wav,03,audio_only,01,speech,07,disgust,02,strong,01,kids_are_talking_by_the_door,2,6,female
clip_00320,data\raw\Audio_Speech_Actors_01-24\Actor_06\03-01-07-01-02-01-06.wav,03-01-07-01-02-01-06.wav,03,audio_only,01,speech,07,disgust,01,normal,02,dogs_are_sitting_by_the_door,1,6,female
clip_00321,data\raw\Audio_Speech_Actors_01-24\Actor_06\03-01-07-02-02-01-06.wav,03-01-07-02-02-01-06.wav,03,audio_only,01,speech,07,disgust,02,strong,02,dogs_are_sitting_by_the_door,1,6,female
clip_00322,data\raw\Audio_Speech_Actors_01-24\Actor_06\03-01-07-01-02-02-06.wav,03-01-07-01-02-02-06.wav,03,audio_only,01,speech,07,disgust,01,normal,02,dogs_are_sitting_by_the_door,2,6,female
clip_00323,data\raw\Audio_Speech_Actors_01-24\Actor_06\03-01-07-02-02-02-06.wav,03-01-07-02-02-02-06.wav,03,audio_only,01,speech,07,disgust,02,strong,02,dogs_are_sitting_by_the_door,2,6,female
clip_00324,data\raw\Audio_Speech_Actors_01-24\Actor_06\03-01-06-01-01-01-06.wav,03-01-06-01-01-01-06.wav,03,audio_only,01,speech,06,fearful,01,normal,01,kids_are_talking_by_the_door,1,6,female
clip_00325,data\raw\Audio_Speech_Actors_01-24\Actor_06\03-01-06-02-01-01-06.wav,03-01-06-02-01-01-06.wav,03,audio_only,01,speech,06,fearful,02,strong,01,kids_are_talking_by_the_door,1,6,female
clip_00326,data\raw\Audio_Speech_Actors_01-24\Actor_06\03-01-06-01-01-02-06.wav,03-01-06-01-01-02-06.wav,03,audio_only,01,speech,06,fearful,01,normal,01,kids_are_talking_by_the_door,2,6,female
clip_00327,data\raw\Audio_Speech_Actors_01-24\Actor_06\03-01-06-02-01-02-06.wav,03-01-06-02-01-02-06.wav,03,audio_only,01,speech,06,fearful,02,strong,01,kids_are_talking_by_the_door,2,6,female
clip_00328,data\raw\Audio_Speech_Actors_01-24\Actor_06\03-01-06-01-02-01-06.wav,03-01-06-01-02-01-06.wav,03,audio_only,01,speech,06,fearful,01,normal,02,dogs_are_sitting_by_the_door,1,6,female
clip_00329,data\raw\Audio_Speech_Actors_01-24\Actor_06\03-01-06-02-02-01-06.wav,03-01-06-02-02-01-06.wav,03,audio_only,01,speech,06,fearful,02,strong,02,dogs_are_sitting_by_the_door,1,6,female
clip_00330,data\raw\Audio_Speech_Actors_01-24\Actor_06\03-01-06-01-02-02-06.wav,03-01-06-01-02-02-06.wav,03,audio_only,01,speech,06,fearful,01,normal,02,dogs_are_sitting_by_the_door,2,6,female
clip_00331,data\raw\Audio_Speech_Actors_01-24\Actor_06\03-01-06-02-02-02-06.wav,03-01-06-02-02-02-06.wav,03,audio_only,01,speech,06,fearful,02,strong,02,dogs_are_sitting_by_the_door,2,6,female
clip_00332,data\raw\Audio_Speech_Actors_01-24\Actor_06\03-01-03-01-01-01-06.wav,03-01-03-01-01-01-06.wav,03,audio_only,01,speech,03,happy,01,normal,01,kids_are_talking_by_the_door,1,6,female
clip_00333,data\raw\Audio_Speech_Actors_01-24\Actor_06\03-01-03-02-01-01-06.wav,03-01-03-02-01-01-06.wav,03,audio_only,01,speech,03,happy,02,strong,01,kids_are_talking_by_the_door,1,6,female
clip_00334,data\raw\Audio_Speech_Actors_01-24\Actor_06\03-01-03-01-01-02-06.wav,03-01-03-01-01-02-06.wav,03,audio_only,01,speech,03,happy,01,normal,01,kids_are_talking_by_the_door,2,6,female
clip_00335,data\raw\Audio_Speech_Actors_01-24\Actor_06\03-01-03-02-01-02-06.wav,03-01-03-02-01-02-06.wav,03,audio_only,01,speech,03,happy,02,strong,01,kids_are_talking_by_the_door,2,6,female
clip_00336,data\raw\Audio_Speech_Actors_01-24\Actor_06\03-01-03-01-02-01-06.wav,03-01-03-01-02-01-06.wav,03,audio_only,01,speech,03,happy,01,normal,02,dogs_are_sitting_by_the_door,1,6,female
clip_00337,data\raw\Audio_Speech_Actors_01-24\Actor_06\03-01-03-02-02-01-06.wav,03-01-03-02-02-01-06.wav,03,audio_only,01,speech,03,happy,02,strong,02,dogs_are_sitting_by_the_door,1,6,female
clip_00338,data\raw\Audio_Speech_Actors_01-24\Actor_06\03-01-03-01-02-02-06.wav,03-01-03-01-02-02-06.wav,03,audio_only,01,speech,03,happy,01,normal,02,dogs_are_sitting_by_the_door,2,6,female
clip_00339,data\raw\Audio_Speech_Actors_01-24\Actor_06\03-01-03-02-02-02-06.wav,03-01-03-02-02-02-06.wav,03,audio_only,01,speech,03,happy,02,strong,02,dogs_are_sitting_by_the_door,2,6,female
clip_00340,data\raw\Audio_Speech_Actors_01-24\Actor_06\03-01-01-01-01-01-06.wav,03-01-01-01-01-01-06.wav,03,audio_only,01,speech,01,neutral,01,normal,01,kids_are_talking_by_the_door,1,6,female
clip_00341,data\raw\Audio_Speech_Actors_01-24\Actor_06\03-01-01-01-01-02-06.wav,03-01-01-01-01-02-06.wav,03,audio_only,01,speech,01,neutral,01,normal,01,kids_are_talking_by_the_door,2,6,female
clip_00342,data\raw\Audio_Speech_Actors_01-24\Actor_06\03-01-01-01-02-01-06.wav,03-01-01-01-02-01-06.wav,03,audio_only,01,speech,01,neutral,01,normal,02,dogs_are_sitting_by_the_door,1,6,female
clip_00343,data\raw\Audio_Speech_Actors_01-24\Actor_06\03-01-01-01-02-02-06.wav,03-01-01-01-02-02-06.wav,03,audio_only,01,speech,01,neutral,01,normal,02,dogs_are_sitting_by_the_door,2,6,female
clip_00344,data\raw\Audio_Speech_Actors_01-24\Actor_06\03-01-04-01-01-01-06.wav,03-01-04-01-01-01-06.wav,03,audio_only,01,speech,04,sad,01,normal,01,kids_are_talking_by_the_door,1,6,female
clip_00345,data\raw\Audio_Speech_Actors_01-24\Actor_06\03-01-04-02-01-01-06.wav,03-01-04-02-01-01-06.wav,03,audio_only,01,speech,04,sad,02,strong,01,kids_are_talking_by_the_door,1,6,female
clip_00346,data\raw\Audio_Speech_Actors_01-24\Actor_06\03-01-04-01-01-02-06.wav,03-01-04-01-01-02-06.wav,03,audio_only,01,speech,04,sad,01,normal,01,kids_are_talking_by_the_door,2,6,female
clip_00347,data\raw\Audio_Speech_Actors_01-24\Actor_06\03-01-04-02-01-02-06.wav,03-01-04-02-01-02-06.wav,03,audio_only,01,speech,04,sad,02,strong,01,kids_are_talking_by_the_door,2,6,female
clip_00348,data\raw\Audio_Speech_Actors_01-24\Actor_06\03-01-04-01-02-01-06.wav,03-01-04-01-02-01-06.wav,03,audio_only,01,speech,04,sad,01,normal,02,dogs_are_sitting_by_the_door,1,6,female
clip_00349,data\raw\Audio_Speech_Actors_01-24\Actor_06\03-01-04-02-02-01-06.wav,03-01-04-02-02-01-06.wav,03,audio_only,01,speech,04,sad,02,strong,02,dogs_are_sitting_by_the_door,1,6,female
clip_00350,data\raw\Audio_Speech_Actors_01-24\Actor_06\03-01-04-01-02-02-06.wav,03-01-04-01-02-02-06.wav,03,audio_only,01,speech,04,sad,01,normal,02,dogs_are_sitting_by_the_door,2,6,female
clip_00351,data\raw\Audio_Speech_Actors_01-24\Actor_06\03-01-04-02-02-02-06.wav,03-01-04-02-02-02-06.wav,03,audio_only,01,speech,04,sad,02,strong,02,dogs_are_sitting_by_the_door,2,6,female
clip_00352,data\raw\Audio_Speech_Actors_01-24\Actor_06\03-01-08-01-01-01-06.wav,03-01-08-01-01-01-06.wav,03,audio_only,01,speech,08,surprised,01,normal,01,kids_are_talking_by_the_door,1,6,female
clip_00353,data\raw\Audio_Speech_Actors_01-24\Actor_06\03-01-08-02-01-01-06.wav,03-01-08-02-01-01-06.wav,03,audio_only,01,speech,08,surprised,02,strong,01,kids_are_talking_by_the_door,1,6,female
clip_00354,data\raw\Audio_Speech_Actors_01-24\Actor_06\03-01-08-01-01-02-06.wav,03-01-08-01-01-02-06.wav,03,audio_only,01,speech,08,surprised,01,normal,01,kids_are_talking_by_the_door,2,6,female
clip_00355,data\raw\Audio_Speech_Actors_01-24\Actor_06\03-01-08-02-01-02-06.wav,03-01-08-02-01-02-06.wav,03,audio_only,01,speech,08,surprised,02,strong,01,kids_are_talking_by_the_door,2,6,female
clip_00356,data\raw\Audio_Speech_Actors_01-24\Actor_06\03-01-08-01-02-01-06.wav,03-01-08-01-02-01-06.wav,03,audio_only,01,speech,08,surprised,01,normal,02,dogs_are_sitting_by_the_door,1,6,female
clip_00357,data\raw\Audio_Speech_Actors_01-24\Actor_06\03-01-08-02-02-01-06.wav,03-01-08-02-02-01-06.wav,03,audio_only,01,speech,08,surprised,02,strong,02,dogs_are_sitting_by_the_door,1,6,female
clip_00358,data\raw\Audio_Speech_Actors_01-24\Actor_06\03-01-08-01-02-02-06.wav,03-01-08-01-02-02-06.wav,03,audio_only,01,speech,08,surprised,01,normal,02,dogs_are_sitting_by_the_door,2,6,female
clip_00359,data\raw\Audio_Speech_Actors_01-24\Actor_06\03-01-08-02-02-02-06.wav,03-01-08-02-02-02-06.wav,03,audio_only,01,speech,08,surprised,02,strong,02,dogs_are_sitting_by_the_door,2,6,female
clip_00360,data\raw\Audio_Speech_Actors_01-24\Actor_07\03-01-05-01-01-01-07.wav,03-01-05-01-01-01-07.wav,03,audio_only,01,speech,05,angry,01,normal,01,kids_are_talking_by_the_door,1,7,male
clip_00361,data\raw\Audio_Speech_Actors_01-24\Actor_07\03-01-05-02-01-01-07.wav,03-01-05-02-01-01-07.wav,03,audio_only,01,speech,05,angry,02,strong,01,kids_are_talking_by_the_door,1,7,male
clip_00362,data\raw\Audio_Speech_Actors_01-24\Actor_07\03-01-05-01-01-02-07.wav,03-01-05-01-01-02-07.wav,03,audio_only,01,speech,05,angry,01,normal,01,kids_are_talking_by_the_door,2,7,male
clip_00363,data\raw\Audio_Speech_Actors_01-24\Actor_07\03-01-05-02-01-02-07.wav,03-01-05-02-01-02-07.wav,03,audio_only,01,speech,05,angry,02,strong,01,kids_are_talking_by_the_door,2,7,male
clip_00364,data\raw\Audio_Speech_Actors_01-24\Actor_07\03-01-05-01-02-01-07.wav,03-01-05-01-02-01-07.wav,03,audio_only,01,speech,05,angry,01,normal,02,dogs_are_sitting_by_the_door,1,7,male
clip_00365,data\raw\Audio_Speech_Actors_01-24\Actor_07\03-01-05-02-02-01-07.wav,03-01-05-02-02-01-07.wav,03,audio_only,01,speech,05,angry,02,strong,02,dogs_are_sitting_by_the_door,1,7,male
clip_00366,data\raw\Audio_Speech_Actors_01-24\Actor_07\03-01-05-01-02-02-07.wav,03-01-05-01-02-02-07.wav,03,audio_only,01,speech,05,angry,01,normal,02,dogs_are_sitting_by_the_door,2,7,male
clip_00367,data\raw\Audio_Speech_Actors_01-24\Actor_07\03-01-05-02-02-02-07.wav,03-01-05-02-02-02-07.wav,03,audio_only,01,speech,05,angry,02,strong,02,dogs_are_sitting_by_the_door,2,7,male
clip_00368,data\raw\Audio_Speech_Actors_01-24\Actor_07\03-01-02-01-01-01-07.wav,03-01-02-01-01-01-07.wav,03,audio_only,01,speech,02,calm,01,normal,01,kids_are_talking_by_the_door,1,7,male
clip_00369,data\raw\Audio_Speech_Actors_01-24\Actor_07\03-01-02-02-01-01-07.wav,03-01-02-02-01-01-07.wav,03,audio_only,01,speech,02,calm,02,strong,01,kids_are_talking_by_the_door,1,7,male
clip_00370,data\raw\Audio_Speech_Actors_01-24\Actor_07\03-01-02-01-01-02-07.wav,03-01-02-01-01-02-07.wav,03,audio_only,01,speech,02,calm,01,normal,01,kids_are_talking_by_the_door,2,7,male
clip_00371,data\raw\Audio_Speech_Actors_01-24\Actor_07\03-01-02-02-01-02-07.wav,03-01-02-02-01-02-07.wav,03,audio_only,01,speech,02,calm,02,strong,01,kids_are_talking_by_the_door,2,7,male
clip_00372,data\raw\Audio_Speech_Actors_01-24\Actor_07\03-01-02-01-02-01-07.wav,03-01-02-01-02-01-07.wav,03,audio_only,01,speech,02,calm,01,normal,02,dogs_are_sitting_by_the_door,1,7,male
clip_00373,data\raw\Audio_Speech_Actors_01-24\Actor_07\03-01-02-02-02-01-07.wav,03-01-02-02-02-01-07.wav,03,audio_only,01,speech,02,calm,02,strong,02,dogs_are_sitting_by_the_door,1,7,male
clip_00374,data\raw\Audio_Speech_Actors_01-24\Actor_07\03-01-02-01-02-02-07.wav,03-01-02-01-02-02-07.wav,03,audio_only,01,speech,02,calm,01,normal,02,dogs_are_sitting_by_the_door,2,7,male
clip_00375,data\raw\Audio_Speech_Actors_01-24\Actor_07\03-01-02-02-02-02-07.wav,03-01-02-02-02-02-07.wav,03,audio_only,01,speech,02,calm,02,strong,02,dogs_are_sitting_by_the_door,2,7,male
clip_00376,data\raw\Audio_Speech_Actors_01-24\Actor_07\03-01-07-01-01-01-07.wav,03-01-07-01-01-01-07.wav,03,audio_only,01,speech,07,disgust,01,normal,01,kids_are_talking_by_the_door,1,7,male
clip_00377,data\raw\Audio_Speech_Actors_01-24\Actor_07\03-01-07-02-01-01-07.wav,03-01-07-02-01-01-07.wav,03,audio_only,01,speech,07,disgust,02,strong,01,kids_are_talking_by_the_door,1,7,male
clip_00378,data\raw\Audio_Speech_Actors_01-24\Actor_07\03-01-07-01-01-02-07.wav,03-01-07-01-01-02-07.wav,03,audio_only,01,speech,07,disgust,01,normal,01,kids_are_talking_by_the_door,2,7,male
clip_00379,data\raw\Audio_Speech_Actors_01-24\Actor_07\03-01-07-02-01-02-07.wav,03-01-07-02-01-02-07.wav,03,audio_only,01,speech,07,disgust,02,strong,01,kids_are_talking_by_the_door,2,7,male
clip_00380,data\raw\Audio_Speech_Actors_01-24\Actor_07\03-01-07-01-02-01-07.wav,03-01-07-01-02-01-07.wav,03,audio_only,01,speech,07,disgust,01,normal,02,dogs_are_sitting_by_the_door,1,7,male
clip_00381,data\raw\Audio_Speech_Actors_01-24\Actor_07\03-01-07-02-02-01-07.wav,03-01-07-02-02-01-07.wav,03,audio_only,01,speech,07,disgust,02,strong,02,dogs_are_sitting_by_the_door,1,7,male
clip_00382,data\raw\Audio_Speech_Actors_01-24\Actor_07\03-01-07-01-02-02-07.wav,03-01-07-01-02-02-07.wav,03,audio_only,01,speech,07,disgust,01,normal,02,dogs_are_sitting_by_the_door,2,7,male
clip_00383,data\raw\Audio_Speech_Actors_01-24\Actor_07\03-01-07-02-02-02-07.wav,03-01-07-02-02-02-07.wav,03,audio_only,01,speech,07,disgust,02,strong,02,dogs_are_sitting_by_the_door,2,7,male
clip_00384,data\raw\Audio_Speech_Actors_01-24\Actor_07\03-01-06-01-01-01-07.wav,03-01-06-01-01-01-07.wav,03,audio_only,01,speech,06,fearful,01,normal,01,kids_are_talking_by_the_door,1,7,male
clip_00385,data\raw\Audio_Speech_Actors_01-24\Actor_07\03-01-06-02-01-01-07.wav,03-01-06-02-01-01-07.wav,03,audio_only,01,speech,06,fearful,02,strong,01,kids_are_talking_by_the_door,1,7,male
clip_00386,data\raw\Audio_Speech_Actors_01-24\Actor_07\03-01-06-01-01-02-07.wav,03-01-06-01-01-02-07.wav,03,audio_only,01,speech,06,fearful,01,normal,01,kids_are_talking_by_the_door,2,7,male
clip_00387,data\raw\Audio_Speech_Actors_01-24\Actor_07\03-01-06-02-01-02-07.wav,03-01-06-02-01-02-07.wav,03,audio_only,01,speech,06,fearful,02,strong,01,kids_are_talking_by_the_door,2,7,male
clip_00388,data\raw\Audio_Speech_Actors_01-24\Actor_07\03-01-06-01-02-01-07.wav,03-01-06-01-02-01-07.wav,03,audio_only,01,speech,06,fearful,01,normal,02,dogs_are_sitting_by_the_door,1,7,male
clip_00389,data\raw\Audio_Speech_Actors_01-24\Actor_07\03-01-06-02-02-01-07.wav,03-01-06-02-02-01-07.wav,03,audio_only,01,speech,06,fearful,02,strong,02,dogs_are_sitting_by_the_door,1,7,male
clip_00390,data\raw\Audio_Speech_Actors_01-24\Actor_07\03-01-06-01-02-02-07.wav,03-01-06-01-02-02-07.wav,03,audio_only,01,speech,06,fearful,01,normal,02,dogs_are_sitting_by_the_door,2,7,male
clip_00391,data\raw\Audio_Speech_Actors_01-24\Actor_07\03-01-06-02-02-02-07.wav,03-01-06-02-02-02-07.wav,03,audio_only,01,speech,06,fearful,02,strong,02,dogs_are_sitting_by_the_door,2,7,male
clip_00392,data\raw\Audio_Speech_Actors_01-24\Actor_07\03-01-03-01-01-01-07.wav,03-01-03-01-01-01-07.wav,03,audio_only,01,speech,03,happy,01,normal,01,kids_are_talking_by_the_door,1,7,male
clip_00393,data\raw\Audio_Speech_Actors_01-24\Actor_07\03-01-03-02-01-01-07.wav,03-01-03-02-01-01-07.wav,03,audio_only,01,speech,03,happy,02,strong,01,kids_are_talking_by_the_door,1,7,male
clip_00394,data\raw\Audio_Speech_Actors_01-24\Actor_07\03-01-03-01-01-02-07.wav,03-01-03-01-01-02-07.wav,03,audio_only,01,speech,03,happy,01,normal,01,kids_are_talking_by_the_door,2,7,male
clip_00395,data\raw\Audio_Speech_Actors_01-24\Actor_07\03-01-03-02-01-02-07.wav,03-01-03-02-01-02-07.wav,03,audio_only,01,speech,03,happy,02,strong,01,kids_are_talking_by_the_door,2,7,male
clip_00396,data\raw\Audio_Speech_Actors_01-24\Actor_07\03-01-03-01-02-01-07.wav,03-01-03-01-02-01-07.wav,03,audio_only,01,speech,03,happy,01,normal,02,dogs_are_sitting_by_the_door,1,7,male
clip_00397,data\raw\Audio_Speech_Actors_01-24\Actor_07\03-01-03-02-02-01-07.wav,03-01-03-02-02-01-07.wav,03,audio_only,01,speech,03,happy,02,strong,02,dogs_are_sitting_by_the_door,1,7,male
clip_00398,data\raw\Audio_Speech_Actors_01-24\Actor_07\03-01-03-01-02-02-07.wav,03-01-03-01-02-02-07.wav,03,audio_only,01,speech,03,happy,01,normal,02,dogs_are_sitting_by_the_door,2,7,male
clip_00399,data\raw\Audio_Speech_Actors_01-24\Actor_07\03-01-03-02-02-02-07.wav,03-01-03-02-02-02-07.wav,03,audio_only,01,speech,03,happy,02,strong,02,dogs_are_sitting_by_the_door,2,7,male
clip_00400,data\raw\Audio_Speech_Actors_01-24\Actor_07\03-01-01-01-01-01-07.wav,03-01-01-01-01-01-07.wav,03,audio_only,01,speech,01,neutral,01,normal,01,kids_are_talking_by_the_door,1,7,male
clip_00401,data\raw\Audio_Speech_Actors_01-24\Actor_07\03-01-01-01-01-02-07.wav,03-01-01-01-01-02-07.wav,03,audio_only,01,speech,01,neutral,01,normal,01,kids_are_talking_by_the_door,2,7,male
clip_00402,data\raw\Audio_Speech_Actors_01-24\Actor_07\03-01-01-01-02-01-07.wav,03-01-01-01-02-01-07.wav,03,audio_only,01,speech,01,neutral,01,normal,02,dogs_are_sitting_by_the_door,1,7,male
clip_00403,data\raw\Audio_Speech_Actors_01-24\Actor_07\03-01-01-01-02-02-07.wav,03-01-01-01-02-02-07.wav,03,audio_only,01,speech,01,neutral,01,normal,02,dogs_are_sitting_by_the_door,2,7,male
clip_00404,data\raw\Audio_Speech_Actors_01-24\Actor_07\03-01-04-01-01-01-07.wav,03-01-04-01-01-01-07.wav,03,audio_only,01,speech,04,sad,01,normal,01,kids_are_talking_by_the_door,1,7,male
clip_00405,data\raw\Audio_Speech_Actors_01-24\Actor_07\03-01-04-02-01-01-07.wav,03-01-04-02-01-01-07.wav,03,audio_only,01,speech,04,sad,02,strong,01,kids_are_talking_by_the_door,1,7,male
clip_00406,data\raw\Audio_Speech_Actors_01-24\Actor_07\03-01-04-01-01-02-07.wav,03-01-04-01-01-02-07.wav,03,audio_only,01,speech,04,sad,01,normal,01,kids_are_talking_by_the_door,2,7,male
clip_00407,data\raw\Audio_Speech_Actors_01-24\Actor_07\03-01-04-02-01-02-07.wav,03-01-04-02-01-02-07.wav,03,audio_only,01,speech,04,sad,02,strong,01,kids_are_talking_by_the_door,2,7,male
clip_00408,data\raw\Audio_Speech_Actors_01-24\Actor_07\03-01-04-01-02-01-07.wav,03-01-04-01-02-01-07.wav,03,audio_only,01,speech,04,sad,01,normal,02,dogs_are_sitting_by_the_door,1,7,male
clip_00409,data\raw\Audio_Speech_Actors_01-24\Actor_07\03-01-04-02-02-01-07.wav,03-01-04-02-02-01-07.wav,03,audio_only,01,speech,04,sad,02,strong,02,dogs_are_sitting_by_the_door,1,7,male
clip_00410,data\raw\Audio_Speech_Actors_01-24\Actor_07\03-01-04-01-02-02-07.wav,03-01-04-01-02-02-07.wav,03,audio_only,01,speech,04,sad,01,normal,02,dogs_are_sitting_by_the_door,2,7,male
clip_00411,data\raw\Audio_Speech_Actors_01-24\Actor_07\03-01-04-02-02-02-07.wav,03-01-04-02-02-02-07.wav,03,audio_only,01,speech,04,sad,02,strong,02,dogs_are_sitting_by_the_door,2,7,male
clip_00412,data\raw\Audio_Speech_Actors_01-24\Actor_07\03-01-08-01-01-01-07.wav,03-01-08-01-01-01-07.wav,03,audio_only,01,speech,08,surprised,01,normal,01,kids_are_talking_by_the_door,1,7,male
clip_00413,data\raw\Audio_Speech_Actors_01-24\Actor_07\03-01-08-02-01-01-07.wav,03-01-08-02-01-01-07.wav,03,audio_only,01,speech,08,surprised,02,strong,01,kids_are_talking_by_the_door,1,7,male
clip_00414,data\raw\Audio_Speech_Actors_01-24\Actor_07\03-01-08-01-01-02-07.wav,03-01-08-01-01-02-07.wav,03,audio_only,01,speech,08,surprised,01,normal,01,kids_are_talking_by_the_door,2,7,male
clip_00415,data\raw\Audio_Speech_Actors_01-24\Actor_07\03-01-08-02-01-02-07.wav,03-01-08-02-01-02-07.wav,03,audio_only,01,speech,08,surprised,02,strong,01,kids_are_talking_by_the_door,2,7,male
clip_00416,data\raw\Audio_Speech_Actors_01-24\Actor_07\03-01-08-01-02-01-07.wav,03-01-08-01-02-01-07.wav,03,audio_only,01,speech,08,surprised,01,normal,02,dogs_are_sitting_by_the_door,1,7,male
clip_00417,data\raw\Audio_Speech_Actors_01-24\Actor_07\03-01-08-02-02-01-07.wav,03-01-08-02-02-01-07.wav,03,audio_only,01,speech,08,surprised,02,strong,02,dogs_are_sitting_by_the_door,1,7,male
clip_00418,data\raw\Audio_Speech_Actors_01-24\Actor_07\03-01-08-01-02-02-07.wav,03-01-08-01-02-02-07.wav,03,audio_only,01,speech,08,surprised,01,normal,02,dogs_are_sitting_by_the_door,2,7,male
clip_00419,data\raw\Audio_Speech_Actors_01-24\Actor_07\03-01-08-02-02-02-07.wav,03-01-08-02-02-02-07.wav,03,audio_only,01,speech,08,surprised,02,strong,02,dogs_are_sitting_by_the_door,2,7,male
clip_00420,data\raw\Audio_Speech_Actors_01-24\Actor_08\03-01-05-01-01-01-08.wav,03-01-05-01-01-01-08.wav,03,audio_only,01,speech,05,angry,01,normal,01,kids_are_talking_by_the_door,1,8,female
clip_00421,data\raw\Audio_Speech_Actors_01-24\Actor_08\03-01-05-02-01-01-08.wav,03-01-05-02-01-01-08.wav,03,audio_only,01,speech,05,angry,02,strong,01,kids_are_talking_by_the_door,1,8,female
clip_00422,data\raw\Audio_Speech_Actors_01-24\Actor_08\03-01-05-01-01-02-08.wav,03-01-05-01-01-02-08.wav,03,audio_only,01,speech,05,angry,01,normal,01,kids_are_talking_by_the_door,2,8,female
clip_00423,data\raw\Audio_Speech_Actors_01-24\Actor_08\03-01-05-02-01-02-08.wav,03-01-05-02-01-02-08.wav,03,audio_only,01,speech,05,angry,02,strong,01,kids_are_talking_by_the_door,2,8,female
clip_00424,data\raw\Audio_Speech_Actors_01-24\Actor_08\03-01-05-01-02-01-08.wav,03-01-05-01-02-01-08.wav,03,audio_only,01,speech,05,angry,01,normal,02,dogs_are_sitting_by_the_door,1,8,female
clip_00425,data\raw\Audio_Speech_Actors_01-24\Actor_08\03-01-05-02-02-01-08.wav,03-01-05-02-02-01-08.wav,03,audio_only,01,speech,05,angry,02,strong,02,dogs_are_sitting_by_the_door,1,8,female
clip_00426,data\raw\Audio_Speech_Actors_01-24\Actor_08\03-01-05-01-02-02-08.wav,03-01-05-01-02-02-08.wav,03,audio_only,01,speech,05,angry,01,normal,02,dogs_are_sitting_by_the_door,2,8,female
clip_00427,data\raw\Audio_Speech_Actors_01-24\Actor_08\03-01-05-02-02-02-08.wav,03-01-05-02-02-02-08.wav,03,audio_only,01,speech,05,angry,02,strong,02,dogs_are_sitting_by_the_door,2,8,female
clip_00428,data\raw\Audio_Speech_Actors_01-24\Actor_08\03-01-02-01-01-01-08.wav,03-01-02-01-01-01-08.wav,03,audio_only,01,speech,02,calm,01,normal,01,kids_are_talking_by_the_door,1,8,female
clip_00429,data\raw\Audio_Speech_Actors_01-24\Actor_08\03-01-02-02-01-01-08.wav,03-01-02-02-01-01-08.wav,03,audio_only,01,speech,02,calm,02,strong,01,kids_are_talking_by_the_door,1,8,female
clip_00430,data\raw\Audio_Speech_Actors_01-24\Actor_08\03-01-02-01-01-02-08.wav,03-01-02-01-01-02-08.wav,03,audio_only,01,speech,02,calm,01,normal,01,kids_are_talking_by_the_door,2,8,female
clip_00431,data\raw\Audio_Speech_Actors_01-24\Actor_08\03-01-02-02-01-02-08.wav,03-01-02-02-01-02-08.wav,03,audio_only,01,speech,02,calm,02,strong,01,kids_are_talking_by_the_door,2,8,female
clip_00432,data\raw\Audio_Speech_Actors_01-24\Actor_08\03-01-02-01-02-01-08.wav,03-01-02-01-02-01-08.wav,03,audio_only,01,speech,02,calm,01,normal,02,dogs_are_sitting_by_the_door,1,8,female
clip_00433,data\raw\Audio_Speech_Actors_01-24\Actor_08\03-01-02-02-02-01-08.wav,03-01-02-02-02-01-08.wav,03,audio_only,01,speech,02,calm,02,strong,02,dogs_are_sitting_by_the_door,1,8,female
clip_00434,data\raw\Audio_Speech_Actors_01-24\Actor_08\03-01-02-01-02-02-08.wav,03-01-02-01-02-02-08.wav,03,audio_only,01,speech,02,calm,01,normal,02,dogs_are_sitting_by_the_door,2,8,female
clip_00435,data\raw\Audio_Speech_Actors_01-24\Actor_08\03-01-02-02-02-02-08.wav,03-01-02-02-02-02-08.wav,03,audio_only,01,speech,02,calm,02,strong,02,dogs_are_sitting_by_the_door,2,8,female
clip_00436,data\raw\Audio_Speech_Actors_01-24\Actor_08\03-01-07-01-01-01-08.wav,03-01-07-01-01-01-08.wav,03,audio_only,01,speech,07,disgust,01,normal,01,kids_are_talking_by_the_door,1,8,female
clip_00437,data\raw\Audio_Speech_Actors_01-24\Actor_08\03-01-07-02-01-01-08.wav,03-01-07-02-01-01-08.wav,03,audio_only,01,speech,07,disgust,02,strong,01,kids_are_talking_by_the_door,1,8,female
clip_00438,data\raw\Audio_Speech_Actors_01-24\Actor_08\03-01-07-01-01-02-08.wav,03-01-07-01-01-02-08.wav,03,audio_only,01,speech,07,disgust,01,normal,01,kids_are_talking_by_the_door,2,8,female
clip_00439,data\raw\Audio_Speech_Actors_01-24\Actor_08\03-01-07-02-01-02-08.wav,03-01-07-02-01-02-08.wav,03,audio_only,01,speech,07,disgust,02,strong,01,kids_are_talking_by_the_door,2,8,female
clip_00440,data\raw\Audio_Speech_Actors_01-24\Actor_08\03-01-07-01-02-01-08.wav,03-01-07-01-02-01-08.wav,03,audio_only,01,speech,07,disgust,01,normal,02,dogs_are_sitting_by_the_door,1,8,female
clip_00441,data\raw\Audio_Speech_Actors_01-24\Actor_08\03-01-07-02-02-01-08.wav,03-01-07-02-02-01-08.wav,03,audio_only,01,speech,07,disgust,02,strong,02,dogs_are_sitting_by_the_door,1,8,female
clip_00442,data\raw\Audio_Speech_Actors_01-24\Actor_08\03-01-07-01-02-02-08.wav,03-01-07-01-02-02-08.wav,03,audio_only,01,speech,07,disgust,01,normal,02,dogs_are_sitting_by_the_door,2,8,female
clip_00443,data\raw\Audio_Speech_Actors_01-24\Actor_08\03-01-07-02-02-02-08.wav,03-01-07-02-02-02-08.wav,03,audio_only,01,speech,07,disgust,02,strong,02,dogs_are_sitting_by_the_door,2,8,female
clip_00444,data\raw\Audio_Speech_Actors_01-24\Actor_08\03-01-06-01-01-01-08.wav,03-01-06-01-01-01-08.wav,03,audio_only,01,speech,06,fearful,01,normal,01,kids_are_talking_by_the_door,1,8,female
clip_00445,data\raw\Audio_Speech_Actors_01-24\Actor_08\03-01-06-02-01-01-08.wav,03-01-06-02-01-01-08.wav,03,audio_only,01,speech,06,fearful,02,strong,01,kids_are_talking_by_the_door,1,8,female
clip_00446,data\raw\Audio_Speech_Actors_01-24\Actor_08\03-01-06-01-01-02-08.wav,03-01-06-01-01-02-08.wav,03,audio_only,01,speech,06,fearful,01,normal,01,kids_are_talking_by_the_door,2,8,female
clip_00447,data\raw\Audio_Speech_Actors_01-24\Actor_08\03-01-06-02-01-02-08.wav,03-01-06-02-01-02-08.wav,03,audio_only,01,speech,06,fearful,02,strong,01,kids_are_talking_by_the_door,2,8,female
clip_00448,data\raw\Audio_Speech_Actors_01-24\Actor_08\03-01-06-01-02-01-08.wav,03-01-06-01-02-01-08.wav,03,audio_only,01,speech,06,fearful,01,normal,02,dogs_are_sitting_by_the_door,1,8,female
clip_00449,data\raw\Audio_Speech_Actors_01-24\Actor_08\03-01-06-02-02-01-08.wav,03-01-06-02-02-01-08.wav,03,audio_only,01,speech,06,fearful,02,strong,02,dogs_are_sitting_by_the_door,1,8,female
clip_00450,data\raw\Audio_Speech_Actors_01-24\Actor_08\03-01-06-01-02-02-08.wav,03-01-06-01-02-02-08.wav,03,audio_only,01,speech,06,fearful,01,normal,02,dogs_are_sitting_by_the_door,2,8,female
clip_00451,data\raw\Audio_Speech_Actors_01-24\Actor_08\03-01-06-02-02-02-08.wav,03-01-06-02-02-02-08.wav,03,audio_only,01,speech,06,fearful,02,strong,02,dogs_are_sitting_by_the_door,2,8,female
clip_00452,data\raw\Audio_Speech_Actors_01-24\Actor_08\03-01-03-01-01-01-08.wav,03-01-03-01-01-01-08.wav,03,audio_only,01,speech,03,happy,01,normal,01,kids_are_talking_by_the_door,1,8,female
clip_00453,data\raw\Audio_Speech_Actors_01-24\Actor_08\03-01-03-02-01-01-08.wav,03-01-03-02-01-01-08.wav,03,audio_only,01,speech,03,happy,02,strong,01,kids_are_talking_by_the_door,1,8,female
clip_00454,data\raw\Audio_Speech_Actors_01-24\Actor_08\03-01-03-01-01-02-08.wav,03-01-03-01-01-02-08.wav,03,audio_only,01,speech,03,happy,01,normal,01,kids_are_talking_by_the_door,2,8,female
clip_00455,data\raw\Audio_Speech_Actors_01-24\Actor_08\03-01-03-02-01-02-08.wav,03-01-03-02-01-02-08.wav,03,audio_only,01,speech,03,happy,02,strong,01,kids_are_talking_by_the_door,2,8,female
clip_00456,data\raw\Audio_Speech_Actors_01-24\Actor_08\03-01-03-01-02-01-08.wav,03-01-03-01-02-01-08.wav,03,audio_only,01,speech,03,happy,01,normal,02,dogs_are_sitting_by_the_door,1,8,female
clip_00457,data\raw\Audio_Speech_Actors_01-24\Actor_08\03-01-03-02-02-01-08.wav,03-01-03-02-02-01-08.wav,03,audio_only,01,speech,03,happy,02,strong,02,dogs_are_sitting_by_the_door,1,8,female
clip_00458,data\raw\Audio_Speech_Actors_01-24\Actor_08\03-01-03-01-02-02-08.wav,03-01-03-01-02-02-08.wav,03,audio_only,01,speech,03,happy,01,normal,02,dogs_are_sitting_by_the_door,2,8,female
clip_00459,data\raw\Audio_Speech_Actors_01-24\Actor_08\03-01-03-02-02-02-08.wav,03-01-03-02-02-02-08.wav,03,audio_only,01,speech,03,happy,02,strong,02,dogs_are_sitting_by_the_door,2,8,female
clip_00460,data\raw\Audio_Speech_Actors_01-24\Actor_08\03-01-01-01-01-01-08.wav,03-01-01-01-01-01-08.wav,03,audio_only,01,speech,01,neutral,01,normal,01,kids_are_talking_by_the_door,1,8,female
clip_00461,data\raw\Audio_Speech_Actors_01-24\Actor_08\03-01-01-01-01-02-08.wav,03-01-01-01-01-02-08.wav,03,audio_only,01,speech,01,neutral,01,normal,01,kids_are_talking_by_the_door,2,8,female
clip_00462,data\raw\Audio_Speech_Actors_01-24\Actor_08\03-01-01-01-02-01-08.wav,03-01-01-01-02-01-08.wav,03,audio_only,01,speech,01,neutral,01,normal,02,dogs_are_sitting_by_the_door,1,8,female
clip_00463,data\raw\Audio_Speech_Actors_01-24\Actor_08\03-01-01-01-02-02-08.wav,03-01-01-01-02-02-08.wav,03,audio_only,01,speech,01,neutral,01,normal,02,dogs_are_sitting_by_the_door,2,8,female
clip_00464,data\raw\Audio_Speech_Actors_01-24\Actor_08\03-01-04-01-01-01-08.wav,03-01-04-01-01-01-08.wav,03,audio_only,01,speech,04,sad,01,normal,01,kids_are_talking_by_the_door,1,8,female
clip_00465,data\raw\Audio_Speech_Actors_01-24\Actor_08\03-01-04-02-01-01-08.wav,03-01-04-02-01-01-08.wav,03,audio_only,01,speech,04,sad,02,strong,01,kids_are_talking_by_the_door,1,8,female
clip_00466,data\raw\Audio_Speech_Actors_01-24\Actor_08\03-01-04-01-01-02-08.wav,03-01-04-01-01-02-08.wav,03,audio_only,01,speech,04,sad,01,normal,01,kids_are_talking_by_the_door,2,8,female
clip_00467,data\raw\Audio_Speech_Actors_01-24\Actor_08\03-01-04-02-01-02-08.wav,03-01-04-02-01-02-08.wav,03,audio_only,01,speech,04,sad,02,strong,01,kids_are_talking_by_the_door,2,8,female
clip_00468,data\raw\Audio_Speech_Actors_01-24\Actor_08\03-01-04-01-02-01-08.wav,03-01-04-01-02-01-08.wav,03,audio_only,01,speech,04,sad,01,normal,02,dogs_are_sitting_by_the_door,1,8,female
clip_00469,data\raw\Audio_Speech_Actors_01-24\Actor_08\03-01-04-02-02-01-08.wav,03-01-04-02-02-01-08.wav,03,audio_only,01,speech,04,sad,02,strong,02,dogs_are_sitting_by_the_door,1,8,female
clip_00470,data\raw\Audio_Speech_Actors_01-24\Actor_08\03-01-04-01-02-02-08.wav,03-01-04-01-02-02-08.wav,03,audio_only,01,speech,04,sad,01,normal,02,dogs_are_sitting_by_the_door,2,8,female
clip_00471,data\raw\Audio_Speech_Actors_01-24\Actor_08\03-01-04-02-02-02-08.wav,03-01-04-02-02-02-08.wav,03,audio_only,01,speech,04,sad,02,strong,02,dogs_are_sitting_by_the_door,2,8,female
clip_00472,data\raw\Audio_Speech_Actors_01-24\Actor_08\03-01-08-01-01-01-08.wav,03-01-08-01-01-01-08.wav,03,audio_only,01,speech,08,surprised,01,normal,01,kids_are_talking_by_the_door,1,8,female
clip_00473,data\raw\Audio_Speech_Actors_01-24\Actor_08\03-01-08-02-01-01-08.wav,03-01-08-02-01-01-08.wav,03,audio_only,01,speech,08,surprised,02,strong,01,kids_are_talking_by_the_door,1,8,female
clip_00474,data\raw\Audio_Speech_Actors_01-24\Actor_08\03-01-08-01-01-02-08.wav,03-01-08-01-01-02-08.wav,03,audio_only,01,speech,08,surprised,01,normal,01,kids_are_talking_by_the_door,2,8,female
clip_00475,data\raw\Audio_Speech_Actors_01-24\Actor_08\03-01-08-02-01-02-08.wav,03-01-08-02-01-02-08.wav,03,audio_only,01,speech,08,surprised,02,strong,01,kids_are_talking_by_the_door,2,8,female
clip_00476,data\raw\Audio_Speech_Actors_01-24\Actor_08\03-01-08-01-02-01-08.wav,03-01-08-01-02-01-08.wav,03,audio_only,01,speech,08,surprised,01,normal,02,dogs_are_sitting_by_the_door,1,8,female
clip_00477,data\raw\Audio_Speech_Actors_01-24\Actor_08\03-01-08-02-02-01-08.wav,03-01-08-02-02-01-08.wav,03,audio_only,01,speech,08,surprised,02,strong,02,dogs_are_sitting_by_the_door,1,8,female
clip_00478,data\raw\Audio_Speech_Actors_01-24\Actor_08\03-01-08-01-02-02-08.wav,03-01-08-01-02-02-08.wav,03,audio_only,01,speech,08,surprised,01,normal,02,dogs_are_sitting_by_the_door,2,8,female
clip_00479,data\raw\Audio_Speech_Actors_01-24\Actor_08\03-01-08-02-02-02-08.wav,03-01-08-02-02-02-08.wav,03,audio_only,01,speech,08,surprised,02,strong,02,dogs_are_sitting_by_the_door,2,8,female
clip_00480,data\raw\Audio_Speech_Actors_01-24\Actor_09\03-01-05-01-01-01-09.wav,03-01-05-01-01-01-09.wav,03,audio_only,01,speech,05,angry,01,normal,01,kids_are_talking_by_the_door,1,9,male
clip_00481,data\raw\Audio_Speech_Actors_01-24\Actor_09\03-01-05-02-01-01-09.wav,03-01-05-02-01-01-09.wav,03,audio_only,01,speech,05,angry,02,strong,01,kids_are_talking_by_the_door,1,9,male
clip_00482,data\raw\Audio_Speech_Actors_01-24\Actor_09\03-01-05-01-01-02-09.wav,03-01-05-01-01-02-09.wav,03,audio_only,01,speech,05,angry,01,normal,01,kids_are_talking_by_the_door,2,9,male
clip_00483,data\raw\Audio_Speech_Actors_01-24\Actor_09\03-01-05-02-01-02-09.wav,03-01-05-02-01-02-09.wav,03,audio_only,01,speech,05,angry,02,strong,01,kids_are_talking_by_the_door,2,9,male
clip_00484,data\raw\Audio_Speech_Actors_01-24\Actor_09\03-01-05-01-02-01-09.wav,03-01-05-01-02-01-09.wav,03,audio_only,01,speech,05,angry,01,normal,02,dogs_are_sitting_by_the_door,1,9,male
clip_00485,data\raw\Audio_Speech_Actors_01-24\Actor_09\03-01-05-02-02-01-09.wav,03-01-05-02-02-01-09.wav,03,audio_only,01,speech,05,angry,02,strong,02,dogs_are_sitting_by_the_door,1,9,male
clip_00486,data\raw\Audio_Speech_Actors_01-24\Actor_09\03-01-05-01-02-02-09.wav,03-01-05-01-02-02-09.wav,03,audio_only,01,speech,05,angry,01,normal,02,dogs_are_sitting_by_the_door,2,9,male
clip_00487,data\raw\Audio_Speech_Actors_01-24\Actor_09\03-01-05-02-02-02-09.wav,03-01-05-02-02-02-09.wav,03,audio_only,01,speech,05,angry,02,strong,02,dogs_are_sitting_by_the_door,2,9,male
clip_00488,data\raw\Audio_Speech_Actors_01-24\Actor_09\03-01-02-01-01-01-09.wav,03-01-02-01-01-01-09.wav,03,audio_only,01,speech,02,calm,01,normal,01,kids_are_talking_by_the_door,1,9,male
clip_00489,data\raw\Audio_Speech_Actors_01-24\Actor_09\03-01-02-02-01-01-09.wav,03-01-02-02-01-01-09.wav,03,audio_only,01,speech,02,calm,02,strong,01,kids_are_talking_by_the_door,1,9,male
clip_00490,data\raw\Audio_Speech_Actors_01-24\Actor_09\03-01-02-01-01-02-09.wav,03-01-02-01-01-02-09.wav,03,audio_only,01,speech,02,calm,01,normal,01,kids_are_talking_by_the_door,2,9,male
clip_00491,data\raw\Audio_Speech_Actors_01-24\Actor_09\03-01-02-02-01-02-09.wav,03-01-02-02-01-02-09.wav,03,audio_only,01,speech,02,calm,02,strong,01,kids_are_talking_by_the_door,2,9,male
clip_00492,data\raw\Audio_Speech_Actors_01-24\Actor_09\03-01-02-01-02-01-09.wav,03-01-02-01-02-01-09.wav,03,audio_only,01,speech,02,calm,01,normal,02,dogs_are_sitting_by_the_door,1,9,male
clip_00493,data\raw\Audio_Speech_Actors_01-24\Actor_09\03-01-02-02-02-01-09.wav,03-01-02-02-02-01-09.wav,03,audio_only,01,speech,02,calm,02,strong,02,dogs_are_sitting_by_the_door,1,9,male
clip_00494,data\raw\Audio_Speech_Actors_01-24\Actor_09\03-01-02-01-02-02-09.wav,03-01-02-01-02-02-09.wav,03,audio_only,01,speech,02,calm,01,normal,02,dogs_are_sitting_by_the_door,2,9,male
clip_00495,data\raw\Audio_Speech_Actors_01-24\Actor_09\03-01-02-02-02-02-09.wav,03-01-02-02-02-02-09.wav,03,audio_only,01,speech,02,calm,02,strong,02,dogs_are_sitting_by_the_door,2,9,male
clip_00496,data\raw\Audio_Speech_Actors_01-24\Actor_09\03-01-07-01-01-01-09.wav,03-01-07-01-01-01-09.wav,03,audio_only,01,speech,07,disgust,01,normal,01,kids_are_talking_by_the_door,1,9,male
clip_00497,data\raw\Audio_Speech_Actors_01-24\Actor_09\03-01-07-02-01-01-09.wav,03-01-07-02-01-01-09.wav,03,audio_only,01,speech,07,disgust,02,strong,01,kids_are_talking_by_the_door,1,9,male
clip_00498,data\raw\Audio_Speech_Actors_01-24\Actor_09\03-01-07-01-01-02-09.wav,03-01-07-01-01-02-09.wav,03,audio_only,01,speech,07,disgust,01,normal,01,kids_are_talking_by_the_door,2,9,male
clip_00499,data\raw\Audio_Speech_Actors_01-24\Actor_09\03-01-07-02-01-02-09.wav,03-01-07-02-01-02-09.wav,03,audio_only,01,speech,07,disgust,02,strong,01,kids_are_talking_by_the_door,2,9,male
clip_00500,data\raw\Audio_Speech_Actors_01-24\Actor_09\03-01-07-01-02-01-09.wav,03-01-07-01-02-01-09.wav,03,audio_only,01,speech,07,disgust,01,normal,02,dogs_are_sitting_by_the_door,1,9,male
clip_00501,data\raw\Audio_Speech_Actors_01-24\Actor_09\03-01-07-02-02-01-09.wav,03-01-07-02-02-01-09.wav,03,audio_only,01,speech,07,disgust,02,strong,02,dogs_are_sitting_by_the_door,1,9,male
clip_00502,data\raw\Audio_Speech_Actors_01-24\Actor_09\03-01-07-01-02-02-09.wav,03-01-07-01-02-02-09.wav,03,audio_only,01,speech,07,disgust,01,normal,02,dogs_are_sitting_by_the_door,2,9,male
clip_00503,data\raw\Audio_Speech_Actors_01-24\Actor_09\03-01-07-02-02-02-09.wav,03-01-07-02-02-02-09.wav,03,audio_only,01,speech,07,disgust,02,strong,02,dogs_are_sitting_by_the_door,2,9,male
clip_00504,data\raw\Audio_Speech_Actors_01-24\Actor_09\03-01-06-01-01-01-09.wav,03-01-06-01-01-01-09.wav,03,audio_only,01,speech,06,fearful,01,normal,01,kids_are_talking_by_the_door,1,9,male
clip_00505,data\raw\Audio_Speech_Actors_01-24\Actor_09\03-01-06-02-01-01-09.wav,03-01-06-02-01-01-09.wav,03,audio_only,01,speech,06,fearful,02,strong,01,kids_are_talking_by_the_door,1,9,male
clip_00506,data\raw\Audio_Speech_Actors_01-24\Actor_09\03-01-06-01-01-02-09.wav,03-01-06-01-01-02-09.wav,03,audio_only,01,speech,06,fearful,01,normal,01,kids_are_talking_by_the_door,2,9,male
clip_00507,data\raw\Audio_Speech_Actors_01-24\Actor_09\03-01-06-02-01-02-09.wav,03-01-06-02-01-02-09.wav,03,audio_only,01,speech,06,fearful,02,strong,01,kids_are_talking_by_the_door,2,9,male
clip_00508,data\raw\Audio_Speech_Actors_01-24\Actor_09\03-01-06-01-02-01-09.wav,03-01-06-01-02-01-09.wav,03,audio_only,01,speech,06,fearful,01,normal,02,dogs_are_sitting_by_the_door,1,9,male
clip_00509,data\raw\Audio_Speech_Actors_01-24\Actor_09\03-01-06-02-02-01-09.wav,03-01-06-02-02-01-09.wav,03,audio_only,01,speech,06,fearful,02,strong,02,dogs_are_sitting_by_the_door,1,9,male
clip_00510,data\raw\Audio_Speech_Actors_01-24\Actor_09\03-01-06-01-02-02-09.wav,03-01-06-01-02-02-09.wav,03,audio_only,01,speech,06,fearful,01,normal,02,dogs_are_sitting_by_the_door,2,9,male
clip_00511,data\raw\Audio_Speech_Actors_01-24\Actor_09\03-01-06-02-02-02-09.wav,03-01-06-02-02-02-09.wav,03,audio_only,01,speech,06,fearful,02,strong,02,dogs_are_sitting_by_the_door,2,9,male
clip_00512,data\raw\Audio_Speech_Actors_01-24\Actor_09\03-01-03-01-01-01-09.wav,03-01-03-01-01-01-09.wav,03,audio_only,01,speech,03,happy,01,normal,01,kids_are_talking_by_the_door,1,9,male
clip_00513,data\raw\Audio_Speech_Actors_01-24\Actor_09\03-01-03-02-01-01-09.wav,03-01-03-02-01-01-09.wav,03,audio_only,01,speech,03,happy,02,strong,01,kids_are_talking_by_the_door,1,9,male
clip_00514,data\raw\Audio_Speech_Actors_01-24\Actor_09\03-01-03-01-01-02-09.wav,03-01-03-01-01-02-09.wav,03,audio_only,01,speech,03,happy,01,normal,01,kids_are_talking_by_the_door,2,9,male
clip_00515,data\raw\Audio_Speech_Actors_01-24\Actor_09\03-01-03-02-01-02-09.wav,03-01-03-02-01-02-09.wav,03,audio_only,01,speech,03,happy,02,strong,01,kids_are_talking_by_the_door,2,9,male
clip_00516,data\raw\Audio_Speech_Actors_01-24\Actor_09\03-01-03-01-02-01-09.wav,03-01-03-01-02-01-09.wav,03,audio_only,01,speech,03,happy,01,normal,02,dogs_are_sitting_by_the_door,1,9,male
clip_00517,data\raw\Audio_Speech_Actors_01-24\Actor_09\03-01-03-02-02-01-09.wav,03-01-03-02-02-01-09.wav,03,audio_only,01,speech,03,happy,02,strong,02,dogs_are_sitting_by_the_door,1,9,male
clip_00518,data\raw\Audio_Speech_Actors_01-24\Actor_09\03-01-03-01-02-02-09.wav,03-01-03-01-02-02-09.wav,03,audio_only,01,speech,03,happy,01,normal,02,dogs_are_sitting_by_the_door,2,9,male
clip_00519,data\raw\Audio_Speech_Actors_01-24\Actor_09\03-01-03-02-02-02-09.wav,03-01-03-02-02-02-09.wav,03,audio_only,01,speech,03,happy,02,strong,02,dogs_are_sitting_by_the_door,2,9,male
clip_00520,data\raw\Audio_Speech_Actors_01-24\Actor_09\03-01-01-01-01-01-09.wav,03-01-01-01-01-01-09.wav,03,audio_only,01,speech,01,neutral,01,normal,01,kids_are_talking_by_the_door,1,9,male
clip_00521,data\raw\Audio_Speech_Actors_01-24\Actor_09\03-01-01-01-01-02-09.wav,03-01-01-01-01-02-09.wav,03,audio_only,01,speech,01,neutral,01,normal,01,kids_are_talking_by_the_door,2,9,male
clip_00522,data\raw\Audio_Speech_Actors_01-24\Actor_09\03-01-01-01-02-01-09.wav,03-01-01-01-02-01-09.wav,03,audio_only,01,speech,01,neutral,01,normal,02,dogs_are_sitting_by_the_door,1,9,male
clip_00523,data\raw\Audio_Speech_Actors_01-24\Actor_09\03-01-01-01-02-02-09.wav,03-01-01-01-02-02-09.wav,03,audio_only,01,speech,01,neutral,01,normal,02,dogs_are_sitting_by_the_door,2,9,male
clip_00524,data\raw\Audio_Speech_Actors_01-24\Actor_09\03-01-04-01-01-01-09.wav,03-01-04-01-01-01-09.wav,03,audio_only,01,speech,04,sad,01,normal,01,kids_are_talking_by_the_door,1,9,male
clip_00525,data\raw\Audio_Speech_Actors_01-24\Actor_09\03-01-04-02-01-01-09.wav,03-01-04-02-01-01-09.wav,03,audio_only,01,speech,04,sad,02,strong,01,kids_are_talking_by_the_door,1,9,male
clip_00526,data\raw\Audio_Speech_Actors_01-24\Actor_09\03-01-04-01-01-02-09.wav,03-01-04-01-01-02-09.wav,03,audio_only,01,speech,04,sad,01,normal,01,kids_are_talking_by_the_door,2,9,male
clip_00527,data\raw\Audio_Speech_Actors_01-24\Actor_09\03-01-04-02-01-02-09.wav,03-01-04-02-01-02-09.wav,03,audio_only,01,speech,04,sad,02,strong,01,kids_are_talking_by_the_door,2,9,male
clip_00528,data\raw\Audio_Speech_Actors_01-24\Actor_09\03-01-04-01-02-01-09.wav,03-01-04-01-02-01-09.wav,03,audio_only,01,speech,04,sad,01,normal,02,dogs_are_sitting_by_the_door,1,9,male
clip_00529,data\raw\Audio_Speech_Actors_01-24\Actor_09\03-01-04-02-02-01-09.wav,03-01-04-02-02-01-09.wav,03,audio_only,01,speech,04,sad,02,strong,02,dogs_are_sitting_by_the_door,1,9,male
clip_00530,data\raw\Audio_Speech_Actors_01-24\Actor_09\03-01-04-01-02-02-09.wav,03-01-04-01-02-02-09.wav,03,audio_only,01,speech,04,sad,01,normal,02,dogs_are_sitting_by_the_door,2,9,male
clip_00531,data\raw\Audio_Speech_Actors_01-24\Actor_09\03-01-04-02-02-02-09.wav,03-01-04-02-02-02-09.wav,03,audio_only,01,speech,04,sad,02,strong,02,dogs_are_sitting_by_the_door,2,9,male
clip_00532,data\raw\Audio_Speech_Actors_01-24\Actor_09\03-01-08-01-01-01-09.wav,03-01-08-01-01-01-09.wav,03,audio_only,01,speech,08,surprised,01,normal,01,kids_are_talking_by_the_door,1,9,male
clip_00533,data\raw\Audio_Speech_Actors_01-24\Actor_09\03-01-08-02-01-01-09.wav,03-01-08-02-01-01-09.wav,03,audio_only,01,speech,08,surprised,02,strong,01,kids_are_talking_by_the_door,1,9,male
clip_00534,data\raw\Audio_Speech_Actors_01-24\Actor_09\03-01-08-01-01-02-09.wav,03-01-08-01-01-02-09.wav,03,audio_only,01,speech,08,surprised,01,normal,01,kids_are_talking_by_the_door,2,9,male
clip_00535,data\raw\Audio_Speech_Actors_01-24\Actor_09\03-01-08-02-01-02-09.wav,03-01-08-02-01-02-09.wav,03,audio_only,01,speech,08,surprised,02,strong,01,kids_are_talking_by_the_door,2,9,male
clip_00536,data\raw\Audio_Speech_Actors_01-24\Actor_09\03-01-08-01-02-01-09.wav,03-01-08-01-02-01-09.wav,03,audio_only,01,speech,08,surprised,01,normal,02,dogs_are_sitting_by_the_door,1,9,male
clip_00537,data\raw\Audio_Speech_Actors_01-24\Actor_09\03-01-08-02-02-01-09.wav,03-01-08-02-02-01-09.wav,03,audio_only,01,speech,08,surprised,02,strong,02,dogs_are_sitting_by_the_door,1,9,male
clip_00538,data\raw\Audio_Speech_Actors_01-24\Actor_09\03-01-08-01-02-02-09.wav,03-01-08-01-02-02-09.wav,03,audio_only,01,speech,08,surprised,01,normal,02,dogs_are_sitting_by_the_door,2,9,male
clip_00539,data\raw\Audio_Speech_Actors_01-24\Actor_09\03-01-08-02-02-02-09.wav,03-01-08-02-02-02-09.wav,03,audio_only,01,speech,08,surprised,02,strong,02,dogs_are_sitting_by_the_door,2,9,male
clip_00540,data\raw\Audio_Speech_Actors_01-24\Actor_10\03-01-05-01-01-01-10.wav,03-01-05-01-01-01-10.wav,03,audio_only,01,speech,05,angry,01,normal,01,kids_are_talking_by_the_door,1,10,female
clip_00541,data\raw\Audio_Speech_Actors_01-24\Actor_10\03-01-05-02-01-01-10.wav,03-01-05-02-01-01-10.wav,03,audio_only,01,speech,05,angry,02,strong,01,kids_are_talking_by_the_door,1,10,female
clip_00542,data\raw\Audio_Speech_Actors_01-24\Actor_10\03-01-05-01-01-02-10.wav,03-01-05-01-01-02-10.wav,03,audio_only,01,speech,05,angry,01,normal,01,kids_are_talking_by_the_door,2,10,female
clip_00543,data\raw\Audio_Speech_Actors_01-24\Actor_10\03-01-05-02-01-02-10.wav,03-01-05-02-01-02-10.wav,03,audio_only,01,speech,05,angry,02,strong,01,kids_are_talking_by_the_door,2,10,female
clip_00544,data\raw\Audio_Speech_Actors_01-24\Actor_10\03-01-05-01-02-01-10.wav,03-01-05-01-02-01-10.wav,03,audio_only,01,speech,05,angry,01,normal,02,dogs_are_sitting_by_the_door,1,10,female
clip_00545,data\raw\Audio_Speech_Actors_01-24\Actor_10\03-01-05-02-02-01-10.wav,03-01-05-02-02-01-10.wav,03,audio_only,01,speech,05,angry,02,strong,02,dogs_are_sitting_by_the_door,1,10,female
clip_00546,data\raw\Audio_Speech_Actors_01-24\Actor_10\03-01-05-01-02-02-10.wav,03-01-05-01-02-02-10.wav,03,audio_only,01,speech,05,angry,01,normal,02,dogs_are_sitting_by_the_door,2,10,female
clip_00547,data\raw\Audio_Speech_Actors_01-24\Actor_10\03-01-05-02-02-02-10.wav,03-01-05-02-02-02-10.wav,03,audio_only,01,speech,05,angry,02,strong,02,dogs_are_sitting_by_the_door,2,10,female
clip_00548,data\raw\Audio_Speech_Actors_01-24\Actor_10\03-01-02-01-01-01-10.wav,03-01-02-01-01-01-10.wav,03,audio_only,01,speech,02,calm,01,normal,01,kids_are_talking_by_the_door,1,10,female
clip_00549,data\raw\Audio_Speech_Actors_01-24\Actor_10\03-01-02-02-01-01-10.wav,03-01-02-02-01-01-10.wav,03,audio_only,01,speech,02,calm,02,strong,01,kids_are_talking_by_the_door,1,10,female
clip_00550,data\raw\Audio_Speech_Actors_01-24\Actor_10\03-01-02-01-01-02-10.wav,03-01-02-01-01-02-10.wav,03,audio_only,01,speech,02,calm,01,normal,01,kids_are_talking_by_the_door,2,10,female
clip_00551,data\raw\Audio_Speech_Actors_01-24\Actor_10\03-01-02-02-01-02-10.wav,03-01-02-02-01-02-10.wav,03,audio_only,01,speech,02,calm,02,strong,01,kids_are_talking_by_the_door,2,10,female
clip_00552,data\raw\Audio_Speech_Actors_01-24\Actor_10\03-01-02-01-02-01-10.wav,03-01-02-01-02-01-10.wav,03,audio_only,01,speech,02,calm,01,normal,02,dogs_are_sitting_by_the_door,1,10,female
clip_00553,data\raw\Audio_Speech_Actors_01-24\Actor_10\03-01-02-02-02-01-10.wav,03-01-02-02-02-01-10.wav,03,audio_only,01,speech,02,calm,02,strong,02,dogs_are_sitting_by_the_door,1,10,female
clip_00554,data\raw\Audio_Speech_Actors_01-24\Actor_10\03-01-02-01-02-02-10.wav,03-01-02-01-02-02-10.wav,03,audio_only,01,speech,02,calm,01,normal,02,dogs_are_sitting_by_the_door,2,10,female
clip_00555,data\raw\Audio_Speech_Actors_01-24\Actor_10\03-01-02-02-02-02-10.wav,03-01-02-02-02-02-10.wav,03,audio_only,01,speech,02,calm,02,strong,02,dogs_are_sitting_by_the_door,2,10,female
clip_00556,data\raw\Audio_Speech_Actors_01-24\Actor_10\03-01-07-01-01-01-10.wav,03-01-07-01-01-01-10.wav,03,audio_only,01,speech,07,disgust,01,normal,01,kids_are_talking_by_the_door,1,10,female
clip_00557,data\raw\Audio_Speech_Actors_01-24\Actor_10\03-01-07-02-01-01-10.wav,03-01-07-02-01-01-10.wav,03,audio_only,01,speech,07,disgust,02,strong,01,kids_are_talking_by_the_door,1,10,female
clip_00558,data\raw\Audio_Speech_Actors_01-24\Actor_10\03-01-07-01-01-02-10.wav,03-01-07-01-01-02-10.wav,03,audio_only,01,speech,07,disgust,01,normal,01,kids_are_talking_by_the_door,2,10,female
clip_00559,data\raw\Audio_Speech_Actors_01-24\Actor_10\03-01-07-02-01-02-10.wav,03-01-07-02-01-02-10.wav,03,audio_only,01,speech,07,disgust,02,strong,01,kids_are_talking_by_the_door,2,10,female
clip_00560,data\raw\Audio_Speech_Actors_01-24\Actor_10\03-01-07-01-02-01-10.wav,03-01-07-01-02-01-10.wav,03,audio_only,01,speech,07,disgust,01,normal,02,dogs_are_sitting_by_the_door,1,10,female
clip_00561,data\raw\Audio_Speech_Actors_01-24\Actor_10\03-01-07-02-02-01-10.wav,03-01-07-02-02-01-10.wav,03,audio_only,01,speech,07,disgust,02,strong,02,dogs_are_sitting_by_the_door,1,10,female
clip_00562,data\raw\Audio_Speech_Actors_01-24\Actor_10\03-01-07-01-02-02-10.wav,03-01-07-01-02-02-10.wav,03,audio_only,01,speech,07,disgust,01,normal,02,dogs_are_sitting_by_the_door,2,10,female
clip_00563,data\raw\Audio_Speech_Actors_01-24\Actor_10\03-01-07-02-02-02-10.wav,03-01-07-02-02-02-10.wav,03,audio_only,01,speech,07,disgust,02,strong,02,dogs_are_sitting_by_the_door,2,10,female
clip_00564,data\raw\Audio_Speech_Actors_01-24\Actor_10\03-01-06-01-01-01-10.wav,03-01-06-01-01-01-10.wav,03,audio_only,01,speech,06,fearful,01,normal,01,kids_are_talking_by_the_door,1,10,female
clip_00565,data\raw\Audio_Speech_Actors_01-24\Actor_10\03-01-06-02-01-01-10.wav,03-01-06-02-01-01-10.wav,03,audio_only,01,speech,06,fearful,02,strong,01,kids_are_talking_by_the_door,1,10,female
clip_00566,data\raw\Audio_Speech_Actors_01-24\Actor_10\03-01-06-01-01-02-10.wav,03-01-06-01-01-02-10.wav,03,audio_only,01,speech,06,fearful,01,normal,01,kids_are_talking_by_the_door,2,10,female
clip_00567,data\raw\Audio_Speech_Actors_01-24\Actor_10\03-01-06-02-01-02-10.wav,03-01-06-02-01-02-10.wav,03,audio_only,01,speech,06,fearful,02,strong,01,kids_are_talking_by_the_door,2,10,female
clip_00568,data\raw\Audio_Speech_Actors_01-24\Actor_10\03-01-06-01-02-01-10.wav,03-01-06-01-02-01-10.wav,03,audio_only,01,speech,06,fearful,01,normal,02,dogs_are_sitting_by_the_door,1,10,female
clip_00569,data\raw\Audio_Speech_Actors_01-24\Actor_10\03-01-06-02-02-01-10.wav,03-01-06-02-02-01-10.wav,03,audio_only,01,speech,06,fearful,02,strong,02,dogs_are_sitting_by_the_door,1,10,female
clip_00570,data\raw\Audio_Speech_Actors_01-24\Actor_10\03-01-06-01-02-02-10.wav,03-01-06-01-02-02-10.wav,03,audio_only,01,speech,06,fearful,01,normal,02,dogs_are_sitting_by_the_door,2,10,female
clip_00571,data\raw\Audio_Speech_Actors_01-24\Actor_10\03-01-06-02-02-02-10.wav,03-01-06-02-02-02-10.wav,03,audio_only,01,speech,06,fearful,02,strong,02,dogs_are_sitting_by_the_door,2,10,female
clip_00572,data\raw\Audio_Speech_Actors_01-24\Actor_10\03-01-03-01-01-01-10.wav,03-01-03-01-01-01-10.wav,03,audio_only,01,speech,03,happy,01,normal,01,kids_are_talking_by_the_door,1,10,female
clip_00573,data\raw\Audio_Speech_Actors_01-24\Actor_10\03-01-03-02-01-01-10.wav,03-01-03-02-01-01-10.wav,03,audio_only,01,speech,03,happy,02,strong,01,kids_are_talking_by_the_door,1,10,female
clip_00574,data\raw\Audio_Speech_Actors_01-24\Actor_10\03-01-03-01-01-02-10.wav,03-01-03-01-01-02-10.wav,03,audio_only,01,speech,03,happy,01,normal,01,kids_are_talking_by_the_door,2,10,female
clip_00575,data\raw\Audio_Speech_Actors_01-24\Actor_10\03-01-03-02-01-02-10.wav,03-01-03-02-01-02-10.wav,03,audio_only,01,speech,03,happy,02,strong,01,kids_are_talking_by_the_door,2,10,female
clip_00576,data\raw\Audio_Speech_Actors_01-24\Actor_10\03-01-03-01-02-01-10.wav,03-01-03-01-02-01-10.wav,03,audio_only,01,speech,03,happy,01,normal,02,dogs_are_sitting_by_the_door,1,10,female
clip_00577,data\raw\Audio_Speech_Actors_01-24\Actor_10\03-01-03-02-02-01-10.wav,03-01-03-02-02-01-10.wav,03,audio_only,01,speech,03,happy,02,strong,02,dogs_are_sitting_by_the_door,1,10,female
clip_00578,data\raw\Audio_Speech_Actors_01-24\Actor_10\03-01-03-01-02-02-10.wav,03-01-03-01-02-02-10.wav,03,audio_only,01,speech,03,happy,01,normal,02,dogs_are_sitting_by_the_door,2,10,female
clip_00579,data\raw\Audio_Speech_Actors_01-24\Actor_10\03-01-03-02-02-02-10.wav,03-01-03-02-02-02-10.wav,03,audio_only,01,speech,03,happy,02,strong,02,dogs_are_sitting_by_the_door,2,10,female
clip_00580,data\raw\Audio_Speech_Actors_01-24\Actor_10\03-01-01-01-01-01-10.wav,03-01-01-01-01-01-10.wav,03,audio_only,01,speech,01,neutral,01,normal,01,kids_are_talking_by_the_door,1,10,female
clip_00581,data\raw\Audio_Speech_Actors_01-24\Actor_10\03-01-01-01-01-02-10.wav,03-01-01-01-01-02-10.wav,03,audio_only,01,speech,01,neutral,01,normal,01,kids_are_talking_by_the_door,2,10,female
clip_00582,data\raw\Audio_Speech_Actors_01-24\Actor_10\03-01-01-01-02-01-10.wav,03-01-01-01-02-01-10.wav,03,audio_only,01,speech,01,neutral,01,normal,02,dogs_are_sitting_by_the_door,1,10,female
clip_00583,data\raw\Audio_Speech_Actors_01-24\Actor_10\03-01-01-01-02-02-10.wav,03-01-01-01-02-02-10.wav,03,audio_only,01,speech,01,neutral,01,normal,02,dogs_are_sitting_by_the_door,2,10,female
clip_00584,data\raw\Audio_Speech_Actors_01-24\Actor_10\03-01-04-01-01-01-10.wav,03-01-04-01-01-01-10.wav,03,audio_only,01,speech,04,sad,01,normal,01,kids_are_talking_by_the_door,1,10,female
clip_00585,data\raw\Audio_Speech_Actors_01-24\Actor_10\03-01-04-02-01-01-10.wav,03-01-04-02-01-01-10.wav,03,audio_only,01,speech,04,sad,02,strong,01,kids_are_talking_by_the_door,1,10,female
clip_00586,data\raw\Audio_Speech_Actors_01-24\Actor_10\03-01-04-01-01-02-10.wav,03-01-04-01-01-02-10.wav,03,audio_only,01,speech,04,sad,01,normal,01,kids_are_talking_by_the_door,2,10,female
clip_00587,data\raw\Audio_Speech_Actors_01-24\Actor_10\03-01-04-02-01-02-10.wav,03-01-04-02-01-02-10.wav,03,audio_only,01,speech,04,sad,02,strong,01,kids_are_talking_by_the_door,2,10,female
clip_00588,data\raw\Audio_Speech_Actors_01-24\Actor_10\03-01-04-01-02-01-10.wav,03-01-04-01-02-01-10.wav,03,audio_only,01,speech,04,sad,01,normal,02,dogs_are_sitting_by_the_door,1,10,female
clip_00589,data\raw\Audio_Speech_Actors_01-24\Actor_10\03-01-04-02-02-01-10.wav,03-01-04-02-02-01-10.wav,03,audio_only,01,speech,04,sad,02,strong,02,dogs_are_sitting_by_the_door,1,10,female
clip_00590,data\raw\Audio_Speech_Actors_01-24\Actor_10\03-01-04-01-02-02-10.wav,03-01-04-01-02-02-10.wav,03,audio_only,01,speech,04,sad,01,normal,02,dogs_are_sitting_by_the_door,2,10,female
clip_00591,data\raw\Audio_Speech_Actors_01-24\Actor_10\03-01-04-02-02-02-10.wav,03-01-04-02-02-02-10.wav,03,audio_only,01,speech,04,sad,02,strong,02,dogs_are_sitting_by_the_door,2,10,female
clip_00592,data\raw\Audio_Speech_Actors_01-24\Actor_10\03-01-08-01-01-01-10.wav,03-01-08-01-01-01-10.wav,03,audio_only,01,speech,08,surprised,01,normal,01,kids_are_talking_by_the_door,1,10,female
clip_00593,data\raw\Audio_Speech_Actors_01-24\Actor_10\03-01-08-02-01-01-10.wav,03-01-08-02-01-01-10.wav,03,audio_only,01,speech,08,surprised,02,strong,01,kids_are_talking_by_the_door,1,10,female
clip_00594,data\raw\Audio_Speech_Actors_01-24\Actor_10\03-01-08-01-01-02-10.wav,03-01-08-01-01-02-10.wav,03,audio_only,01,speech,08,surprised,01,normal,01,kids_are_talking_by_the_door,2,10,female
clip_00595,data\raw\Audio_Speech_Actors_01-24\Actor_10\03-01-08-02-01-02-10.wav,03-01-08-02-01-02-10.wav,03,audio_only,01,speech,08,surprised,02,strong,01,kids_are_talking_by_the_door,2,10,female
clip_00596,data\raw\Audio_Speech_Actors_01-24\Actor_10\03-01-08-01-02-01-10.wav,03-01-08-01-02-01-10.wav,03,audio_only,01,speech,08,surprised,01,normal,02,dogs_are_sitting_by_the_door,1,10,female
clip_00597,data\raw\Audio_Speech_Actors_01-24\Actor_10\03-01-08-02-02-01-10.wav,03-01-08-02-02-01-10.wav,03,audio_only,01,speech,08,surprised,02,strong,02,dogs_are_sitting_by_the_door,1,10,female
clip_00598,data\raw\Audio_Speech_Actors_01-24\Actor_10\03-01-08-01-02-02-10.wav,03-01-08-01-02-02-10.wav,03,audio_only,01,speech,08,surprised,01,normal,02,dogs_are_sitting_by_the_door,2,10,female
clip_00599,data\raw\Audio_Speech_Actors_01-24\Actor_10\03-01-08-02-02-02-10.wav,03-01-08-02-02-02-10.wav,03,audio_only,01,speech,08,surprised,02,strong,02,dogs_are_sitting_by_the_door,2,10,female
clip_00600,data\raw\Audio_Speech_Actors_01-24\Actor_11\03-01-05-01-01-01-11.wav,03-01-05-01-01-01-11.wav,03,audio_only,01,speech,05,angry,01,normal,01,kids_are_talking_by_the_door,1,11,male
clip_00601,data\raw\Audio_Speech_Actors_01-24\Actor_11\03-01-05-02-01-01-11.wav,03-01-05-02-01-01-11.wav,03,audio_only,01,speech,05,angry,02,strong,01,kids_are_talking_by_the_door,1,11,male
clip_00602,data\raw\Audio_Speech_Actors_01-24\Actor_11\03-01-05-01-01-02-11.wav,03-01-05-01-01-02-11.wav,03,audio_only,01,speech,05,angry,01,normal,01,kids_are_talking_by_the_door,2,11,male
clip_00603,data\raw\Audio_Speech_Actors_01-24\Actor_11\03-01-05-02-01-02-11.wav,03-01-05-02-01-02-11.wav,03,audio_only,01,speech,05,angry,02,strong,01,kids_are_talking_by_the_door,2,11,male
clip_00604,data\raw\Audio_Speech_Actors_01-24\Actor_11\03-01-05-01-02-01-11.wav,03-01-05-01-02-01-11.wav,03,audio_only,01,speech,05,angry,01,normal,02,dogs_are_sitting_by_the_door,1,11,male
clip_00605,data\raw\Audio_Speech_Actors_01-24\Actor_11\03-01-05-02-02-01-11.wav,03-01-05-02-02-01-11.wav,03,audio_only,01,speech,05,angry,02,strong,02,dogs_are_sitting_by_the_door,1,11,male
clip_00606,data\raw\Audio_Speech_Actors_01-24\Actor_11\03-01-05-01-02-02-11.wav,03-01-05-01-02-02-11.wav,03,audio_only,01,speech,05,angry,01,normal,02,dogs_are_sitting_by_the_door,2,11,male
clip_00607,data\raw\Audio_Speech_Actors_01-24\Actor_11\03-01-05-02-02-02-11.wav,03-01-05-02-02-02-11.wav,03,audio_only,01,speech,05,angry,02,strong,02,dogs_are_sitting_by_the_door,2,11,male
clip_00608,data\raw\Audio_Speech_Actors_01-24\Actor_11\03-01-02-01-01-01-11.wav,03-01-02-01-01-01-11.wav,03,audio_only,01,speech,02,calm,01,normal,01,kids_are_talking_by_the_door,1,11,male
clip_00609,data\raw\Audio_Speech_Actors_01-24\Actor_11\03-01-02-02-01-01-11.wav,03-01-02-02-01-01-11.wav,03,audio_only,01,speech,02,calm,02,strong,01,kids_are_talking_by_the_door,1,11,male
clip_00610,data\raw\Audio_Speech_Actors_01-24\Actor_11\03-01-02-01-01-02-11.wav,03-01-02-01-01-02-11.wav,03,audio_only,01,speech,02,calm,01,normal,01,kids_are_talking_by_the_door,2,11,male
clip_00611,data\raw\Audio_Speech_Actors_01-24\Actor_11\03-01-02-02-01-02-11.wav,03-01-02-02-01-02-11.wav,03,audio_only,01,speech,02,calm,02,strong,01,kids_are_talking_by_the_door,2,11,male
clip_00612,data\raw\Audio_Speech_Actors_01-24\Actor_11\03-01-02-01-02-01-11.wav,03-01-02-01-02-01-11.wav,03,audio_only,01,speech,02,calm,01,normal,02,dogs_are_sitting_by_the_door,1,11,male
clip_00613,data\raw\Audio_Speech_Actors_01-24\Actor_11\03-01-02-02-02-01-11.wav,03-01-02-02-02-01-11.wav,03,audio_only,01,speech,02,calm,02,strong,02,dogs_are_sitting_by_the_door,1,11,male
clip_00614,data\raw\Audio_Speech_Actors_01-24\Actor_11\03-01-02-01-02-02-11.wav,03-01-02-01-02-02-11.wav,03,audio_only,01,speech,02,calm,01,normal,02,dogs_are_sitting_by_the_door,2,11,male
clip_00615,data\raw\Audio_Speech_Actors_01-24\Actor_11\03-01-02-02-02-02-11.wav,03-01-02-02-02-02-11.wav,03,audio_only,01,speech,02,calm,02,strong,02,dogs_are_sitting_by_the_door,2,11,male
clip_00616,data\raw\Audio_Speech_Actors_01-24\Actor_11\03-01-07-01-01-01-11.wav,03-01-07-01-01-01-11.wav,03,audio_only,01,speech,07,disgust,01,normal,01,kids_are_talking_by_the_door,1,11,male
clip_00617,data\raw\Audio_Speech_Actors_01-24\Actor_11\03-01-07-02-01-01-11.wav,03-01-07-02-01-01-11.wav,03,audio_only,01,speech,07,disgust,02,strong,01,kids_are_talking_by_the_door,1,11,male
clip_00618,data\raw\Audio_Speech_Actors_01-24\Actor_11\03-01-07-01-01-02-11.wav,03-01-07-01-01-02-11.wav,03,audio_only,01,speech,07,disgust,01,normal,01,kids_are_talking_by_the_door,2,11,male
clip_00619,data\raw\Audio_Speech_Actors_01-24\Actor_11\03-01-07-02-01-02-11.wav,03-01-07-02-01-02-11.wav,03,audio_only,01,speech,07,disgust,02,strong,01,kids_are_talking_by_the_door,2,11,male
clip_00620,data\raw\Audio_Speech_Actors_01-24\Actor_11\03-01-07-01-02-01-11.wav,03-01-07-01-02-01-11.wav,03,audio_only,01,speech,07,disgust,01,normal,02,dogs_are_sitting_by_the_door,1,11,male
clip_00621,data\raw\Audio_Speech_Actors_01-24\Actor_11\03-01-07-02-02-01-11.wav,03-01-07-02-02-01-11.wav,03,audio_only,01,speech,07,disgust,02,strong,02,dogs_are_sitting_by_the_door,1,11,male
clip_00622,data\raw\Audio_Speech_Actors_01-24\Actor_11\03-01-07-01-02-02-11.wav,03-01-07-01-02-02-11.wav,03,audio_only,01,speech,07,disgust,01,normal,02,dogs_are_sitting_by_the_door,2,11,male
clip_00623,data\raw\Audio_Speech_Actors_01-24\Actor_11\03-01-07-02-02-02-11.wav,03-01-07-02-02-02-11.wav,03,audio_only,01,speech,07,disgust,02,strong,02,dogs_are_sitting_by_the_door,2,11,male
clip_00624,data\raw\Audio_Speech_Actors_01-24\Actor_11\03-01-06-01-01-01-11.wav,03-01-06-01-01-01-11.wav,03,audio_only,01,speech,06,fearful,01,normal,01,kids_are_talking_by_the_door,1,11,male
clip_00625,data\raw\Audio_Speech_Actors_01-24\Actor_11\03-01-06-02-01-01-11.wav,03-01-06-02-01-01-11.wav,03,audio_only,01,speech,06,fearful,02,strong,01,kids_are_talking_by_the_door,1,11,male
clip_00626,data\raw\Audio_Speech_Actors_01-24\Actor_11\03-01-06-01-01-02-11.wav,03-01-06-01-01-02-11.wav,03,audio_only,01,speech,06,fearful,01,normal,01,kids_are_talking_by_the_door,2,11,male
clip_00627,data\raw\Audio_Speech_Actors_01-24\Actor_11\03-01-06-02-01-02-11.wav,03-01-06-02-01-02-11.wav,03,audio_only,01,speech,06,fearful,02,strong,01,kids_are_talking_by_the_door,2,11,male
clip_00628,data\raw\Audio_Speech_Actors_01-24\Actor_11\03-01-06-01-02-01-11.wav,03-01-06-01-02-01-11.wav,03,audio_only,01,speech,06,fearful,01,normal,02,dogs_are_sitting_by_the_door,1,11,male
clip_00629,data\raw\Audio_Speech_Actors_01-24\Actor_11\03-01-06-02-02-01-11.wav,03-01-06-02-02-01-11.wav,03,audio_only,01,speech,06,fearful,02,strong,02,dogs_are_sitting_by_the_door,1,11,male
clip_00630,data\raw\Audio_Speech_Actors_01-24\Actor_11\03-01-06-01-02-02-11.wav,03-01-06-01-02-02-11.wav,03,audio_only,01,speech,06,fearful,01,normal,02,dogs_are_sitting_by_the_door,2,11,male
clip_00631,data\raw\Audio_Speech_Actors_01-24\Actor_11\03-01-06-02-02-02-11.wav,03-01-06-02-02-02-11.wav,03,audio_only,01,speech,06,fearful,02,strong,02,dogs_are_sitting_by_the_door,2,11,male
clip_00632,data\raw\Audio_Speech_Actors_01-24\Actor_11\03-01-03-01-01-01-11.wav,03-01-03-01-01-01-11.wav,03,audio_only,01,speech,03,happy,01,normal,01,kids_are_talking_by_the_door,1,11,male
clip_00633,data\raw\Audio_Speech_Actors_01-24\Actor_11\03-01-03-02-01-01-11.wav,03-01-03-02-01-01-11.wav,03,audio_only,01,speech,03,happy,02,strong,01,kids_are_talking_by_the_door,1,11,male
clip_00634,data\raw\Audio_Speech_Actors_01-24\Actor_11\03-01-03-01-01-02-11.wav,03-01-03-01-01-02-11.wav,03,audio_only,01,speech,03,happy,01,normal,01,kids_are_talking_by_the_door,2,11,male
clip_00635,data\raw\Audio_Speech_Actors_01-24\Actor_11\03-01-03-02-01-02-11.wav,03-01-03-02-01-02-11.wav,03,audio_only,01,speech,03,happy,02,strong,01,kids_are_talking_by_the_door,2,11,male
clip_00636,data\raw\Audio_Speech_Actors_01-24\Actor_11\03-01-03-01-02-01-11.wav,03-01-03-01-02-01-11.wav,03,audio_only,01,speech,03,happy,01,normal,02,dogs_are_sitting_by_the_door,1,11,male
clip_00637,data\raw\Audio_Speech_Actors_01-24\Actor_11\03-01-03-02-02-01-11.wav,03-01-03-02-02-01-11.wav,03,audio_only,01,speech,03,happy,02,strong,02,dogs_are_sitting_by_the_door,1,11,male
clip_00638,data\raw\Audio_Speech_Actors_01-24\Actor_11\03-01-03-01-02-02-11.wav,03-01-03-01-02-02-11.wav,03,audio_only,01,speech,03,happy,01,normal,02,dogs_are_sitting_by_the_door,2,11,male
clip_00639,data\raw\Audio_Speech_Actors_01-24\Actor_11\03-01-03-02-02-02-11.wav,03-01-03-02-02-02-11.wav,03,audio_only,01,speech,03,happy,02,strong,02,dogs_are_sitting_by_the_door,2,11,male
clip_00640,data\raw\Audio_Speech_Actors_01-24\Actor_11\03-01-01-01-01-01-11.wav,03-01-01-01-01-01-11.wav,03,audio_only,01,speech,01,neutral,01,normal,01,kids_are_talking_by_the_door,1,11,male
clip_00641,data\raw\Audio_Speech_Actors_01-24\Actor_11\03-01-01-01-01-02-11.wav,03-01-01-01-01-02-11.wav,03,audio_only,01,speech,01,neutral,01,normal,01,kids_are_talking_by_the_door,2,11,male
clip_00642,data\raw\Audio_Speech_Actors_01-24\Actor_11\03-01-01-01-02-01-11.wav,03-01-01-01-02-01-11.wav,03,audio_only,01,speech,01,neutral,01,normal,02,dogs_are_sitting_by_the_door,1,11,male
clip_00643,data\raw\Audio_Speech_Actors_01-24\Actor_11\03-01-01-01-02-02-11.wav,03-01-01-01-02-02-11.wav,03,audio_only,01,speech,01,neutral,01,normal,02,dogs_are_sitting_by_the_door,2,11,male
clip_00644,data\raw\Audio_Speech_Actors_01-24\Actor_11\03-01-04-01-01-01-11.wav,03-01-04-01-01-01-11.wav,03,audio_only,01,speech,04,sad,01,normal,01,kids_are_talking_by_the_door,1,11,male
clip_00645,data\raw\Audio_Speech_Actors_01-24\Actor_11\03-01-04-02-01-01-11.wav,03-01-04-02-01-01-11.wav,03,audio_only,01,speech,04,sad,02,strong,01,kids_are_talking_by_the_door,1,11,male
clip_00646,data\raw\Audio_Speech_Actors_01-24\Actor_11\03-01-04-01-01-02-11.wav,03-01-04-01-01-02-11.wav,03,audio_only,01,speech,04,sad,01,normal,01,kids_are_talking_by_the_door,2,11,male
clip_00647,data\raw\Audio_Speech_Actors_01-24\Actor_11\03-01-04-02-01-02-11.wav,03-01-04-02-01-02-11.wav,03,audio_only,01,speech,04,sad,02,strong,01,kids_are_talking_by_the_door,2,11,male
clip_00648,data\raw\Audio_Speech_Actors_01-24\Actor_11\03-01-04-01-02-01-11.wav,03-01-04-01-02-01-11.wav,03,audio_only,01,speech,04,sad,01,normal,02,dogs_are_sitting_by_the_door,1,11,male
clip_00649,data\raw\Audio_Speech_Actors_01-24\Actor_11\03-01-04-02-02-01-11.wav,03-01-04-02-02-01-11.wav,03,audio_only,01,speech,04,sad,02,strong,02,dogs_are_sitting_by_the_door,1,11,male
clip_00650,data\raw\Audio_Speech_Actors_01-24\Actor_11\03-01-04-01-02-02-11.wav,03-01-04-01-02-02-11.wav,03,audio_only,01,speech,04,sad,01,normal,02,dogs_are_sitting_by_the_door,2,11,male
clip_00651,data\raw\Audio_Speech_Actors_01-24\Actor_11\03-01-04-02-02-02-11.wav,03-01-04-02-02-02-11.wav,03,audio_only,01,speech,04,sad,02,strong,02,dogs_are_sitting_by_the_door,2,11,male
clip_00652,data\raw\Audio_Speech_Actors_01-24\Actor_11\03-01-08-01-01-01-11.wav,03-01-08-01-01-01-11.wav,03,audio_only,01,speech,08,surprised,01,normal,01,kids_are_talking_by_the_door,1,11,male
clip_00653,data\raw\Audio_Speech_Actors_01-24\Actor_11\03-01-08-02-01-01-11.wav,03-01-08-02-01-01-11.wav,03,audio_only,01,speech,08,surprised,02,strong,01,kids_are_talking_by_the_door,1,11,male
clip_00654,data\raw\Audio_Speech_Actors_01-24\Actor_11\03-01-08-01-01-02-11.wav,03-01-08-01-01-02-11.wav,03,audio_only,01,speech,08,surprised,01,normal,01,kids_are_talking_by_the_door,2,11,male
clip_00655,data\raw\Audio_Speech_Actors_01-24\Actor_11\03-01-08-02-01-02-11.wav,03-01-08-02-01-02-11.wav,03,audio_only,01,speech,08,surprised,02,strong,01,kids_are_talking_by_the_door,2,11,male
clip_00656,data\raw\Audio_Speech_Actors_01-24\Actor_11\03-01-08-01-02-01-11.wav,03-01-08-01-02-01-11.wav,03,audio_only,01,speech,08,surprised,01,normal,02,dogs_are_sitting_by_the_door,1,11,male
clip_00657,data\raw\Audio_Speech_Actors_01-24\Actor_11\03-01-08-02-02-01-11.wav,03-01-08-02-02-01-11.wav,03,audio_only,01,speech,08,surprised,02,strong,02,dogs_are_sitting_by_the_door,1,11,male
clip_00658,data\raw\Audio_Speech_Actors_01-24\Actor_11\03-01-08-01-02-02-11.wav,03-01-08-01-02-02-11.wav,03,audio_only,01,speech,08,surprised,01,normal,02,dogs_are_sitting_by_the_door,2,11,male
clip_00659,data\raw\Audio_Speech_Actors_01-24\Actor_11\03-01-08-02-02-02-11.wav,03-01-08-02-02-02-11.wav,03,audio_only,01,speech,08,surprised,02,strong,02,dogs_are_sitting_by_the_door,2,11,male
clip_00660,data\raw\Audio_Speech_Actors_01-24\Actor_12\03-01-05-01-01-01-12.wav,03-01-05-01-01-01-12.wav,03,audio_only,01,speech,05,angry,01,normal,01,kids_are_talking_by_the_door,1,12,female
clip_00661,data\raw\Audio_Speech_Actors_01-24\Actor_12\03-01-05-02-01-01-12.wav,03-01-05-02-01-01-12.wav,03,audio_only,01,speech,05,angry,02,strong,01,kids_are_talking_by_the_door,1,12,female
clip_00662,data\raw\Audio_Speech_Actors_01-24\Actor_12\03-01-05-01-01-02-12.wav,03-01-05-01-01-02-12.wav,03,audio_only,01,speech,05,angry,01,normal,01,kids_are_talking_by_the_door,2,12,female
clip_00663,data\raw\Audio_Speech_Actors_01-24\Actor_12\03-01-05-02-01-02-12.wav,03-01-05-02-01-02-12.wav,03,audio_only,01,speech,05,angry,02,strong,01,kids_are_talking_by_the_door,2,12,female
clip_00664,data\raw\Audio_Speech_Actors_01-24\Actor_12\03-01-05-01-02-01-12.wav,03-01-05-01-02-01-12.wav,03,audio_only,01,speech,05,angry,01,normal,02,dogs_are_sitting_by_the_door,1,12,female
clip_00665,data\raw\Audio_Speech_Actors_01-24\Actor_12\03-01-05-02-02-01-12.wav,03-01-05-02-02-01-12.wav,03,audio_only,01,speech,05,angry,02,strong,02,dogs_are_sitting_by_the_door,1,12,female
clip_00666,data\raw\Audio_Speech_Actors_01-24\Actor_12\03-01-05-01-02-02-12.wav,03-01-05-01-02-02-12.wav,03,audio_only,01,speech,05,angry,01,normal,02,dogs_are_sitting_by_the_door,2,12,female
clip_00667,data\raw\Audio_Speech_Actors_01-24\Actor_12\03-01-05-02-02-02-12.wav,03-01-05-02-02-02-12.wav,03,audio_only,01,speech,05,angry,02,strong,02,dogs_are_sitting_by_the_door,2,12,female
clip_00668,data\raw\Audio_Speech_Actors_01-24\Actor_12\03-01-02-01-01-01-12.wav,03-01-02-01-01-01-12.wav,03,audio_only,01,speech,02,calm,01,normal,01,kids_are_talking_by_the_door,1,12,female
clip_00669,data\raw\Audio_Speech_Actors_01-24\Actor_12\03-01-02-02-01-01-12.wav,03-01-02-02-01-01-12.wav,03,audio_only,01,speech,02,calm,02,strong,01,kids_are_talking_by_the_door,1,12,female
clip_00670,data\raw\Audio_Speech_Actors_01-24\Actor_12\03-01-02-01-01-02-12.wav,03-01-02-01-01-02-12.wav,03,audio_only,01,speech,02,calm,01,normal,01,kids_are_talking_by_the_door,2,12,female
clip_00671,data\raw\Audio_Speech_Actors_01-24\Actor_12\03-01-02-02-01-02-12.wav,03-01-02-02-01-02-12.wav,03,audio_only,01,speech,02,calm,02,strong,01,kids_are_talking_by_the_door,2,12,female
clip_00672,data\raw\Audio_Speech_Actors_01-24\Actor_12\03-01-02-01-02-01-12.wav,03-01-02-01-02-01-12.wav,03,audio_only,01,speech,02,calm,01,normal,02,dogs_are_sitting_by_the_door,1,12,female
clip_00673,data\raw\Audio_Speech_Actors_01-24\Actor_12\03-01-02-02-02-01-12.wav,03-01-02-02-02-01-12.wav,03,audio_only,01,speech,02,calm,02,strong,02,dogs_are_sitting_by_the_door,1,12,female
clip_00674,data\raw\Audio_Speech_Actors_01-24\Actor_12\03-01-02-01-02-02-12.wav,03-01-02-01-02-02-12.wav,03,audio_only,01,speech,02,calm,01,normal,02,dogs_are_sitting_by_the_door,2,12,female
clip_00675,data\raw\Audio_Speech_Actors_01-24\Actor_12\03-01-02-02-02-02-12.wav,03-01-02-02-02-02-12.wav,03,audio_only,01,speech,02,calm,02,strong,02,dogs_are_sitting_by_the_door,2,12,female
clip_00676,data\raw\Audio_Speech_Actors_01-24\Actor_12\03-01-07-01-01-01-12.wav,03-01-07-01-01-01-12.wav,03,audio_only,01,speech,07,disgust,01,normal,01,kids_are_talking_by_the_door,1,12,female
clip_00677,data\raw\Audio_Speech_Actors_01-24\Actor_12\03-01-07-02-01-01-12.wav,03-01-07-02-01-01-12.wav,03,audio_only,01,speech,07,disgust,02,strong,01,kids_are_talking_by_the_door,1,12,female
clip_00678,data\raw\Audio_Speech_Actors_01-24\Actor_12\03-01-07-01-01-02-12.wav,03-01-07-01-01-02-12.wav,03,audio_only,01,speech,07,disgust,01,normal,01,kids_are_talking_by_the_door,2,12,female
clip_00679,data\raw\Audio_Speech_Actors_01-24\Actor_12\03-01-07-02-01-02-12.wav,03-01-07-02-01-02-12.wav,03,audio_only,01,speech,07,disgust,02,strong,01,kids_are_talking_by_the_door,2,12,female
clip_00680,data\raw\Audio_Speech_Actors_01-24\Actor_12\03-01-07-01-02-01-12.wav,03-01-07-01-02-01-12.wav,03,audio_only,01,speech,07,disgust,01,normal,02,dogs_are_sitting_by_the_door,1,12,female
clip_00681,data\raw\Audio_Speech_Actors_01-24\Actor_12\03-01-07-02-02-01-12.wav,03-01-07-02-02-01-12.wav,03,audio_only,01,speech,07,disgust,02,strong,02,dogs_are_sitting_by_the_door,1,12,female
clip_00682,data\raw\Audio_Speech_Actors_01-24\Actor_12\03-01-07-01-02-02-12.wav,03-01-07-01-02-02-12.wav,03,audio_only,01,speech,07,disgust,01,normal,02,dogs_are_sitting_by_the_door,2,12,female
clip_00683,data\raw\Audio_Speech_Actors_01-24\Actor_12\03-01-07-02-02-02-12.wav,03-01-07-02-02-02-12.wav,03,audio_only,01,speech,07,disgust,02,strong,02,dogs_are_sitting_by_the_door,2,12,female
clip_00684,data\raw\Audio_Speech_Actors_01-24\Actor_12\03-01-06-01-01-01-12.wav,03-01-06-01-01-01-12.wav,03,audio_only,01,speech,06,fearful,01,normal,01,kids_are_talking_by_the_door,1,12,female
clip_00685,data\raw\Audio_Speech_Actors_01-24\Actor_12\03-01-06-02-01-01-12.wav,03-01-06-02-01-01-12.wav,03,audio_only,01,speech,06,fearful,02,strong,01,kids_are_talking_by_the_door,1,12,female
clip_00686,data\raw\Audio_Speech_Actors_01-24\Actor_12\03-01-06-01-01-02-12.wav,03-01-06-01-01-02-12.wav,03,audio_only,01,speech,06,fearful,01,normal,01,kids_are_talking_by_the_door,2,12,female
clip_00687,data\raw\Audio_Speech_Actors_01-24\Actor_12\03-01-06-02-01-02-12.wav,03-01-06-02-01-02-12.wav,03,audio_only,01,speech,06,fearful,02,strong,01,kids_are_talking_by_the_door,2,12,female
clip_00688,data\raw\Audio_Speech_Actors_01-24\Actor_12\03-01-06-01-02-01-12.wav,03-01-06-01-02-01-12.wav,03,audio_only,01,speech,06,fearful,01,normal,02,dogs_are_sitting_by_the_door,1,12,female
clip_00689,data\raw\Audio_Speech_Actors_01-24\Actor_12\03-01-06-02-02-01-12.wav,03-01-06-02-02-01-12.wav,03,audio_only,01,speech,06,fearful,02,strong,02,dogs_are_sitting_by_the_door,1,12,female
clip_00690,data\raw\Audio_Speech_Actors_01-24\Actor_12\03-01-06-01-02-02-12.wav,03-01-06-01-02-02-12.wav,03,audio_only,01,speech,06,fearful,01,normal,02,dogs_are_sitting_by_the_door,2,12,female
clip_00691,data\raw\Audio_Speech_Actors_01-24\Actor_12\03-01-06-02-02-02-12.wav,03-01-06-02-02-02-12.wav,03,audio_only,01,speech,06,fearful,02,strong,02,dogs_are_sitting_by_the_door,2,12,female
clip_00692,data\raw\Audio_Speech_Actors_01-24\Actor_12\03-01-03-01-01-01-12.wav,03-01-03-01-01-01-12.wav,03,audio_only,01,speech,03,happy,01,normal,01,kids_are_talking_by_the_door,1,12,female
clip_00693,data\raw\Audio_Speech_Actors_01-24\Actor_12\03-01-03-02-01-01-12.wav,03-01-03-02-01-01-12.wav,03,audio_only,01,speech,03,happy,02,strong,01,kids_are_talking_by_the_door,1,12,female
clip_00694,data\raw\Audio_Speech_Actors_01-24\Actor_12\03-01-03-01-01-02-12.wav,03-01-03-01-01-02-12.wav,03,audio_only,01,speech,03,happy,01,normal,01,kids_are_talking_by_the_door,2,12,female
clip_00695,data\raw\Audio_Speech_Actors_01-24\Actor_12\03-01-03-02-01-02-12.wav,03-01-03-02-01-02-12.wav,03,audio_only,01,speech,03,happy,02,strong,01,kids_are_talking_by_the_door,2,12,female
clip_00696,data\raw\Audio_Speech_Actors_01-24\Actor_12\03-01-03-01-02-01-12.wav,03-01-03-01-02-01-12.wav,03,audio_only,01,speech,03,happy,01,normal,02,dogs_are_sitting_by_the_door,1,12,female
clip_00697,data\raw\Audio_Speech_Actors_01-24\Actor_12\03-01-03-02-02-01-12.wav,03-01-03-02-02-01-12.wav,03,audio_only,01,speech,03,happy,02,strong,02,dogs_are_sitting_by_the_door,1,12,female
clip_00698,data\raw\Audio_Speech_Actors_01-24\Actor_12\03-01-03-01-02-02-12.wav,03-01-03-01-02-02-12.wav,03,audio_only,01,speech,03,happy,01,normal,02,dogs_are_sitting_by_the_door,2,12,female
clip_00699,data\raw\Audio_Speech_Actors_01-24\Actor_12\03-01-03-02-02-02-12.wav,03-01-03-02-02-02-12.wav,03,audio_only,01,speech,03,happy,02,strong,02,dogs_are_sitting_by_the_door,2,12,female
clip_00700,data\raw\Audio_Speech_Actors_01-24\Actor_12\03-01-01-01-01-01-12.wav,03-01-01-01-01-01-12.wav,03,audio_only,01,speech,01,neutral,01,normal,01,kids_are_talking_by_the_door,1,12,female
clip_00701,data\raw\Audio_Speech_Actors_01-24\Actor_12\03-01-01-01-01-02-12.wav,03-01-01-01-01-02-12.wav,03,audio_only,01,speech,01,neutral,01,normal,01,kids_are_talking_by_the_door,2,12,female
clip_00702,data\raw\Audio_Speech_Actors_01-24\Actor_12\03-01-01-01-02-01-12.wav,03-01-01-01-02-01-12.wav,03,audio_only,01,speech,01,neutral,01,normal,02,dogs_are_sitting_by_the_door,1,12,female
clip_00703,data\raw\Audio_Speech_Actors_01-24\Actor_12\03-01-01-01-02-02-12.wav,03-01-01-01-02-02-12.wav,03,audio_only,01,speech,01,neutral,01,normal,02,dogs_are_sitting_by_the_door,2,12,female
clip_00704,data\raw\Audio_Speech_Actors_01-24\Actor_12\03-01-04-01-01-01-12.wav,03-01-04-01-01-01-12.wav,03,audio_only,01,speech,04,sad,01,normal,01,kids_are_talking_by_the_door,1,12,female
clip_00705,data\raw\Audio_Speech_Actors_01-24\Actor_12\03-01-04-02-01-01-12.wav,03-01-04-02-01-01-12.wav,03,audio_only,01,speech,04,sad,02,strong,01,kids_are_talking_by_the_door,1,12,female
clip_00706,data\raw\Audio_Speech_Actors_01-24\Actor_12\03-01-04-01-01-02-12.wav,03-01-04-01-01-02-12.wav,03,audio_only,01,speech,04,sad,01,normal,01,kids_are_talking_by_the_door,2,12,female
clip_00707,data\raw\Audio_Speech_Actors_01-24\Actor_12\03-01-04-02-01-02-12.wav,03-01-04-02-01-02-12.wav,03,audio_only,01,speech,04,sad,02,strong,01,kids_are_talking_by_the_door,2,12,female
clip_00708,data\raw\Audio_Speech_Actors_01-24\Actor_12\03-01-04-01-02-01-12.wav,03-01-04-01-02-01-12.wav,03,audio_only,01,speech,04,sad,01,normal,02,dogs_are_sitting_by_the_door,1,12,female
clip_00709,data\raw\Audio_Speech_Actors_01-24\Actor_12\03-01-04-02-02-01-12.wav,03-01-04-02-02-01-12.wav,03,audio_only,01,speech,04,sad,02,strong,02,dogs_are_sitting_by_the_door,1,12,female
clip_00710,data\raw\Audio_Speech_Actors_01-24\Actor_12\03-01-04-01-02-02-12.wav,03-01-04-01-02-02-12.wav,03,audio_only,01,speech,04,sad,01,normal,02,dogs_are_sitting_by_the_door,2,12,female
clip_00711,data\raw\Audio_Speech_Actors_01-24\Actor_12\03-01-04-02-02-02-12.wav,03-01-04-02-02-02-12.wav,03,audio_only,01,speech,04,sad,02,strong,02,dogs_are_sitting_by_the_door,2,12,female
clip_00712,data\raw\Audio_Speech_Actors_01-24\Actor_12\03-01-08-01-01-01-12.wav,03-01-08-01-01-01-12.wav,03,audio_only,01,speech,08,surprised,01,normal,01,kids_are_talking_by_the_door,1,12,female
clip_00713,data\raw\Audio_Speech_Actors_01-24\Actor_12\03-01-08-02-01-01-12.wav,03-01-08-02-01-01-12.wav,03,audio_only,01,speech,08,surprised,02,strong,01,kids_are_talking_by_the_door,1,12,female
clip_00714,data\raw\Audio_Speech_Actors_01-24\Actor_12\03-01-08-01-01-02-12.wav,03-01-08-01-01-02-12.wav,03,audio_only,01,speech,08,surprised,01,normal,01,kids_are_talking_by_the_door,2,12,female
clip_00715,data\raw\Audio_Speech_Actors_01-24\Actor_12\03-01-08-02-01-02-12.wav,03-01-08-02-01-02-12.wav,03,audio_only,01,speech,08,surprised,02,strong,01,kids_are_talking_by_the_door,2,12,female
clip_00716,data\raw\Audio_Speech_Actors_01-24\Actor_12\03-01-08-01-02-01-12.wav,03-01-08-01-02-01-12.wav,03,audio_only,01,speech,08,surprised,01,normal,02,dogs_are_sitting_by_the_door,1,12,female
clip_00717,data\raw\Audio_Speech_Actors_01-24\Actor_12\03-01-08-02-02-01-12.wav,03-01-08-02-02-01-12.wav,03,audio_only,01,speech,08,surprised,02,strong,02,dogs_are_sitting_by_the_door,1,12,female
clip_00718,data\raw\Audio_Speech_Actors_01-24\Actor_12\03-01-08-01-02-02-12.wav,03-01-08-01-02-02-12.wav,03,audio_only,01,speech,08,surprised,01,normal,02,dogs_are_sitting_by_the_door,2,12,female
clip_00719,data\raw\Audio_Speech_Actors_01-24\Actor_12\03-01-08-02-02-02-12.wav,03-01-08-02-02-02-12.wav,03,audio_only,01,speech,08,surprised,02,strong,02,dogs_are_sitting_by_the_door,2,12,female
clip_00720,data\raw\Audio_Speech_Actors_01-24\Actor_13\03-01-05-01-01-01-13.wav,03-01-05-01-01-01-13.wav,03,audio_only,01,speech,05,angry,01,normal,01,kids_are_talking_by_the_door,1,13,male
clip_00721,data\raw\Audio_Speech_Actors_01-24\Actor_13\03-01-05-02-01-01-13.wav,03-01-05-02-01-01-13.wav,03,audio_only,01,speech,05,angry,02,strong,01,kids_are_talking_by_the_door,1,13,male
clip_00722,data\raw\Audio_Speech_Actors_01-24\Actor_13\03-01-05-01-01-02-13.wav,03-01-05-01-01-02-13.wav,03,audio_only,01,speech,05,angry,01,normal,01,kids_are_talking_by_the_door,2,13,male
clip_00723,data\raw\Audio_Speech_Actors_01-24\Actor_13\03-01-05-02-01-02-13.wav,03-01-05-02-01-02-13.wav,03,audio_only,01,speech,05,angry,02,strong,01,kids_are_talking_by_the_door,2,13,male
clip_00724,data\raw\Audio_Speech_Actors_01-24\Actor_13\03-01-05-01-02-01-13.wav,03-01-05-01-02-01-13.wav,03,audio_only,01,speech,05,angry,01,normal,02,dogs_are_sitting_by_the_door,1,13,male
clip_00725,data\raw\Audio_Speech_Actors_01-24\Actor_13\03-01-05-02-02-01-13.wav,03-01-05-02-02-01-13.wav,03,audio_only,01,speech,05,angry,02,strong,02,dogs_are_sitting_by_the_door,1,13,male
clip_00726,data\raw\Audio_Speech_Actors_01-24\Actor_13\03-01-05-01-02-02-13.wav,03-01-05-01-02-02-13.wav,03,audio_only,01,speech,05,angry,01,normal,02,dogs_are_sitting_by_the_door,2,13,male
clip_00727,data\raw\Audio_Speech_Actors_01-24\Actor_13\03-01-05-02-02-02-13.wav,03-01-05-02-02-02-13.wav,03,audio_only,01,speech,05,angry,02,strong,02,dogs_are_sitting_by_the_door,2,13,male
clip_00728,data\raw\Audio_Speech_Actors_01-24\Actor_13\03-01-02-01-01-01-13.wav,03-01-02-01-01-01-13.wav,03,audio_only,01,speech,02,calm,01,normal,01,kids_are_talking_by_the_door,1,13,male
clip_00729,data\raw\Audio_Speech_Actors_01-24\Actor_13\03-01-02-02-01-01-13.wav,03-01-02-02-01-01-13.wav,03,audio_only,01,speech,02,calm,02,strong,01,kids_are_talking_by_the_door,1,13,male
clip_00730,data\raw\Audio_Speech_Actors_01-24\Actor_13\03-01-02-01-01-02-13.wav,03-01-02-01-01-02-13.wav,03,audio_only,01,speech,02,calm,01,normal,01,kids_are_talking_by_the_door,2,13,male
clip_00731,data\raw\Audio_Speech_Actors_01-24\Actor_13\03-01-02-02-01-02-13.wav,03-01-02-02-01-02-13.wav,03,audio_only,01,speech,02,calm,02,strong,01,kids_are_talking_by_the_door,2,13,male
clip_00732,data\raw\Audio_Speech_Actors_01-24\Actor_13\03-01-02-01-02-01-13.wav,03-01-02-01-02-01-13.wav,03,audio_only,01,speech,02,calm,01,normal,02,dogs_are_sitting_by_the_door,1,13,male
clip_00733,data\raw\Audio_Speech_Actors_01-24\Actor_13\03-01-02-02-02-01-13.wav,03-01-02-02-02-01-13.wav,03,audio_only,01,speech,02,calm,02,strong,02,dogs_are_sitting_by_the_door,1,13,male
clip_00734,data\raw\Audio_Speech_Actors_01-24\Actor_13\03-01-02-01-02-02-13.wav,03-01-02-01-02-02-13.wav,03,audio_only,01,speech,02,calm,01,normal,02,dogs_are_sitting_by_the_door,2,13,male
clip_00735,data\raw\Audio_Speech_Actors_01-24\Actor_13\03-01-02-02-02-02-13.wav,03-01-02-02-02-02-13.wav,03,audio_only,01,speech,02,calm,02,strong,02,dogs_are_sitting_by_the_door,2,13,male
clip_00736,data\raw\Audio_Speech_Actors_01-24\Actor_13\03-01-07-01-01-01-13.wav,03-01-07-01-01-01-13.wav,03,audio_only,01,speech,07,disgust,01,normal,01,kids_are_talking_by_the_door,1,13,male
clip_00737,data\raw\Audio_Speech_Actors_01-24\Actor_13\03-01-07-02-01-01-13.wav,03-01-07-02-01-01-13.wav,03,audio_only,01,speech,07,disgust,02,strong,01,kids_are_talking_by_the_door,1,13,male
clip_00738,data\raw\Audio_Speech_Actors_01-24\Actor_13\03-01-07-01-01-02-13.wav,03-01-07-01-01-02-13.wav,03,audio_only,01,speech,07,disgust,01,normal,01,kids_are_talking_by_the_door,2,13,male
clip_00739,data\raw\Audio_Speech_Actors_01-24\Actor_13\03-01-07-02-01-02-13.wav,03-01-07-02-01-02-13.wav,03,audio_only,01,speech,07,disgust,02,strong,01,kids_are_talking_by_the_door,2,13,male
clip_00740,data\raw\Audio_Speech_Actors_01-24\Actor_13\03-01-07-01-02-01-13.wav,03-01-07-01-02-01-13.wav,03,audio_only,01,speech,07,disgust,01,normal,02,dogs_are_sitting_by_the_door,1,13,male
clip_00741,data\raw\Audio_Speech_Actors_01-24\Actor_13\03-01-07-02-02-01-13.wav,03-01-07-02-02-01-13.wav,03,audio_only,01,speech,07,disgust,02,strong,02,dogs_are_sitting_by_the_door,1,13,male
clip_00742,data\raw\Audio_Speech_Actors_01-24\Actor_13\03-01-07-01-02-02-13.wav,03-01-07-01-02-02-13.wav,03,audio_only,01,speech,07,disgust,01,normal,02,dogs_are_sitting_by_the_door,2,13,male
clip_00743,data\raw\Audio_Speech_Actors_01-24\Actor_13\03-01-07-02-02-02-13.wav,03-01-07-02-02-02-13.wav,03,audio_only,01,speech,07,disgust,02,strong,02,dogs_are_sitting_by_the_door,2,13,male
clip_00744,data\raw\Audio_Speech_Actors_01-24\Actor_13\03-01-06-01-01-01-13.wav,03-01-06-01-01-01-13.wav,03,audio_only,01,speech,06,fearful,01,normal,01,kids_are_talking_by_the_door,1,13,male
clip_00745,data\raw\Audio_Speech_Actors_01-24\Actor_13\03-01-06-02-01-01-13.wav,03-01-06-02-01-01-13.wav,03,audio_only,01,speech,06,fearful,02,strong,01,kids_are_talking_by_the_door,1,13,male
clip_00746,data\raw\Audio_Speech_Actors_01-24\Actor_13\03-01-06-01-01-02-13.wav,03-01-06-01-01-02-13.wav,03,audio_only,01,speech,06,fearful,01,normal,01,kids_are_talking_by_the_door,2,13,male
clip_00747,data\raw\Audio_Speech_Actors_01-24\Actor_13\03-01-06-02-01-02-13.wav,03-01-06-02-01-02-13.wav,03,audio_only,01,speech,06,fearful,02,strong,01,kids_are_talking_by_the_door,2,13,male
clip_00748,data\raw\Audio_Speech_Actors_01-24\Actor_13\03-01-06-01-02-01-13.wav,03-01-06-01-02-01-13.wav,03,audio_only,01,speech,06,fearful,01,normal,02,dogs_are_sitting_by_the_door,1,13,male
clip_00749,data\raw\Audio_Speech_Actors_01-24\Actor_13\03-01-06-02-02-01-13.wav,03-01-06-02-02-01-13.wav,03,audio_only,01,speech,06,fearful,02,strong,02,dogs_are_sitting_by_the_door,1,13,male
clip_00750,data\raw\Audio_Speech_Actors_01-24\Actor_13\03-01-06-01-02-02-13.wav,03-01-06-01-02-02-13.wav,03,audio_only,01,speech,06,fearful,01,normal,02,dogs_are_sitting_by_the_door,2,13,male
clip_00751,data\raw\Audio_Speech_Actors_01-24\Actor_13\03-01-06-02-02-02-13.wav,03-01-06-02-02-02-13.wav,03,audio_only,01,speech,06,fearful,02,strong,02,dogs_are_sitting_by_the_door,2,13,male
clip_00752,data\raw\Audio_Speech_Actors_01-24\Actor_13\03-01-03-01-01-01-13.wav,03-01-03-01-01-01-13.wav,03,audio_only,01,speech,03,happy,01,normal,01,kids_are_talking_by_the_door,1,13,male
clip_00753,data\raw\Audio_Speech_Actors_01-24\Actor_13\03-01-03-02-01-01-13.wav,03-01-03-02-01-01-13.wav,03,audio_only,01,speech,03,happy,02,strong,01,kids_are_talking_by_the_door,1,13,male
clip_00754,data\raw\Audio_Speech_Actors_01-24\Actor_13\03-01-03-01-01-02-13.wav,03-01-03-01-01-02-13.wav,03,audio_only,01,speech,03,happy,01,normal,01,kids_are_talking_by_the_door,2,13,male
clip_00755,data\raw\Audio_Speech_Actors_01-24\Actor_13\03-01-03-02-01-02-13.wav,03-01-03-02-01-02-13.wav,03,audio_only,01,speech,03,happy,02,strong,01,kids_are_talking_by_the_door,2,13,male
clip_00756,data\raw\Audio_Speech_Actors_01-24\Actor_13\03-01-03-01-02-01-13.wav,03-01-03-01-02-01-13.wav,03,audio_only,01,speech,03,happy,01,normal,02,dogs_are_sitting_by_the_door,1,13,male
clip_00757,data\raw\Audio_Speech_Actors_01-24\Actor_13\03-01-03-02-02-01-13.wav,03-01-03-02-02-01-13.wav,03,audio_only,01,speech,03,happy,02,strong,02,dogs_are_sitting_by_the_door,1,13,male
clip_00758,data\raw\Audio_Speech_Actors_01-24\Actor_13\03-01-03-01-02-02-13.wav,03-01-03-01-02-02-13.wav,03,audio_only,01,speech,03,happy,01,normal,02,dogs_are_sitting_by_the_door,2,13,male
clip_00759,data\raw\Audio_Speech_Actors_01-24\Actor_13\03-01-03-02-02-02-13.wav,03-01-03-02-02-02-13.wav,03,audio_only,01,speech,03,happy,02,strong,02,dogs_are_sitting_by_the_door,2,13,male
clip_00760,data\raw\Audio_Speech_Actors_01-24\Actor_13\03-01-01-01-01-01-13.wav,03-01-01-01-01-01-13.wav,03,audio_only,01,speech,01,neutral,01,normal,01,kids_are_talking_by_the_door,1,13,male
clip_00761,data\raw\Audio_Speech_Actors_01-24\Actor_13\03-01-01-01-01-02-13.wav,03-01-01-01-01-02-13.wav,03,audio_only,01,speech,01,neutral,01,normal,01,kids_are_talking_by_the_door,2,13,male
clip_00762,data\raw\Audio_Speech_Actors_01-24\Actor_13\03-01-01-01-02-01-13.wav,03-01-01-01-02-01-13.wav,03,audio_only,01,speech,01,neutral,01,normal,02,dogs_are_sitting_by_the_door,1,13,male
clip_00763,data\raw\Audio_Speech_Actors_01-24\Actor_13\03-01-01-01-02-02-13.wav,03-01-01-01-02-02-13.wav,03,audio_only,01,speech,01,neutral,01,normal,02,dogs_are_sitting_by_the_door,2,13,male
clip_00764,data\raw\Audio_Speech_Actors_01-24\Actor_13\03-01-04-01-01-01-13.wav,03-01-04-01-01-01-13.wav,03,audio_only,01,speech,04,sad,01,normal,01,kids_are_talking_by_the_door,1,13,male
clip_00765,data\raw\Audio_Speech_Actors_01-24\Actor_13\03-01-04-02-01-01-13.wav,03-01-04-02-01-01-13.wav,03,audio_only,01,speech,04,sad,02,strong,01,kids_are_talking_by_the_door,1,13,male
clip_00766,data\raw\Audio_Speech_Actors_01-24\Actor_13\03-01-04-01-01-02-13.wav,03-01-04-01-01-02-13.wav,03,audio_only,01,speech,04,sad,01,normal,01,kids_are_talking_by_the_door,2,13,male
clip_00767,data\raw\Audio_Speech_Actors_01-24\Actor_13\03-01-04-02-01-02-13.wav,03-01-04-02-01-02-13.wav,03,audio_only,01,speech,04,sad,02,strong,01,kids_are_talking_by_the_door,2,13,male
clip_00768,data\raw\Audio_Speech_Actors_01-24\Actor_13\03-01-04-01-02-01-13.wav,03-01-04-01-02-01-13.wav,03,audio_only,01,speech,04,sad,01,normal,02,dogs_are_sitting_by_the_door,1,13,male
clip_00769,data\raw\Audio_Speech_Actors_01-24\Actor_13\03-01-04-02-02-01-13.wav,03-01-04-02-02-01-13.wav,03,audio_only,01,speech,04,sad,02,strong,02,dogs_are_sitting_by_the_door,1,13,male
clip_00770,data\raw\Audio_Speech_Actors_01-24\Actor_13\03-01-04-01-02-02-13.wav,03-01-04-01-02-02-13.wav,03,audio_only,01,speech,04,sad,01,normal,02,dogs_are_sitting_by_the_door,2,13,male
clip_00771,data\raw\Audio_Speech_Actors_01-24\Actor_13\03-01-04-02-02-02-13.wav,03-01-04-02-02-02-13.wav,03,audio_only,01,speech,04,sad,02,strong,02,dogs_are_sitting_by_the_door,2,13,male
clip_00772,data\raw\Audio_Speech_Actors_01-24\Actor_13\03-01-08-01-01-01-13.wav,03-01-08-01-01-01-13.wav,03,audio_only,01,speech,08,surprised,01,normal,01,kids_are_talking_by_the_door,1,13,male
clip_00773,data\raw\Audio_Speech_Actors_01-24\Actor_13\03-01-08-02-01-01-13.wav,03-01-08-02-01-01-13.wav,03,audio_only,01,speech,08,surprised,02,strong,01,kids_are_talking_by_the_door,1,13,male
clip_00774,data\raw\Audio_Speech_Actors_01-24\Actor_13\03-01-08-01-01-02-13.wav,03-01-08-01-01-02-13.wav,03,audio_only,01,speech,08,surprised,01,normal,01,kids_are_talking_by_the_door,2,13,male
clip_00775,data\raw\Audio_Speech_Actors_01-24\Actor_13\03-01-08-02-01-02-13.wav,03-01-08-02-01-02-13.wav,03,audio_only,01,speech,08,surprised,02,strong,01,kids_are_talking_by_the_door,2,13,male
clip_00776,data\raw\Audio_Speech_Actors_01-24\Actor_13\03-01-08-01-02-01-13.wav,03-01-08-01-02-01-13.wav,03,audio_only,01,speech,08,surprised,01,normal,02,dogs_are_sitting_by_the_door,1,13,male
clip_00777,data\raw\Audio_Speech_Actors_01-24\Actor_13\03-01-08-02-02-01-13.wav,03-01-08-02-02-01-13.wav,03,audio_only,01,speech,08,surprised,02,strong,02,dogs_are_sitting_by_the_door,1,13,male
clip_00778,data\raw\Audio_Speech_Actors_01-24\Actor_13\03-01-08-01-02-02-13.wav,03-01-08-01-02-02-13.wav,03,audio_only,01,speech,08,surprised,01,normal,02,dogs_are_sitting_by_the_door,2,13,male
clip_00779,data\raw\Audio_Speech_Actors_01-24\Actor_13\03-01-08-02-02-02-13.wav,03-01-08-02-02-02-13.wav,03,audio_only,01,speech,08,surprised,02,strong,02,dogs_are_sitting_by_the_door,2,13,male
clip_00780,data\raw\Audio_Speech_Actors_01-24\Actor_14\03-01-05-01-01-01-14.wav,03-01-05-01-01-01-14.wav,03,audio_only,01,speech,05,angry,01,normal,01,kids_are_talking_by_the_door,1,14,female
clip_00781,data\raw\Audio_Speech_Actors_01-24\Actor_14\03-01-05-02-01-01-14.wav,03-01-05-02-01-01-14.wav,03,audio_only,01,speech,05,angry,02,strong,01,kids_are_talking_by_the_door,1,14,female
clip_00782,data\raw\Audio_Speech_Actors_01-24\Actor_14\03-01-05-01-01-02-14.wav,03-01-05-01-01-02-14.wav,03,audio_only,01,speech,05,angry,01,normal,01,kids_are_talking_by_the_door,2,14,female
clip_00783,data\raw\Audio_Speech_Actors_01-24\Actor_14\03-01-05-02-01-02-14.wav,03-01-05-02-01-02-14.wav,03,audio_only,01,speech,05,angry,02,strong,01,kids_are_talking_by_the_door,2,14,female
clip_00784,data\raw\Audio_Speech_Actors_01-24\Actor_14\03-01-05-01-02-01-14.wav,03-01-05-01-02-01-14.wav,03,audio_only,01,speech,05,angry,01,normal,02,dogs_are_sitting_by_the_door,1,14,female
clip_00785,data\raw\Audio_Speech_Actors_01-24\Actor_14\03-01-05-02-02-01-14.wav,03-01-05-02-02-01-14.wav,03,audio_only,01,speech,05,angry,02,strong,02,dogs_are_sitting_by_the_door,1,14,female
clip_00786,data\raw\Audio_Speech_Actors_01-24\Actor_14\03-01-05-01-02-02-14.wav,03-01-05-01-02-02-14.wav,03,audio_only,01,speech,05,angry,01,normal,02,dogs_are_sitting_by_the_door,2,14,female
clip_00787,data\raw\Audio_Speech_Actors_01-24\Actor_14\03-01-05-02-02-02-14.wav,03-01-05-02-02-02-14.wav,03,audio_only,01,speech,05,angry,02,strong,02,dogs_are_sitting_by_the_door,2,14,female
clip_00788,data\raw\Audio_Speech_Actors_01-24\Actor_14\03-01-02-01-01-01-14.wav,03-01-02-01-01-01-14.wav,03,audio_only,01,speech,02,calm,01,normal,01,kids_are_talking_by_the_door,1,14,female
clip_00789,data\raw\Audio_Speech_Actors_01-24\Actor_14\03-01-02-02-01-01-14.wav,03-01-02-02-01-01-14.wav,03,audio_only,01,speech,02,calm,02,strong,01,kids_are_talking_by_the_door,1,14,female
clip_00790,data\raw\Audio_Speech_Actors_01-24\Actor_14\03-01-02-01-01-02-14.wav,03-01-02-01-01-02-14.wav,03,audio_only,01,speech,02,calm,01,normal,01,kids_are_talking_by_the_door,2,14,female
clip_00791,data\raw\Audio_Speech_Actors_01-24\Actor_14\03-01-02-02-01-02-14.wav,03-01-02-02-01-02-14.wav,03,audio_only,01,speech,02,calm,02,strong,01,kids_are_talking_by_the_door,2,14,female
clip_00792,data\raw\Audio_Speech_Actors_01-24\Actor_14\03-01-02-01-02-01-14.wav,03-01-02-01-02-01-14.wav,03,audio_only,01,speech,02,calm,01,normal,02,dogs_are_sitting_by_the_door,1,14,female
clip_00793,data\raw\Audio_Speech_Actors_01-24\Actor_14\03-01-02-02-02-01-14.wav,03-01-02-02-02-01-14.wav,03,audio_only,01,speech,02,calm,02,strong,02,dogs_are_sitting_by_the_door,1,14,female
clip_00794,data\raw\Audio_Speech_Actors_01-24\Actor_14\03-01-02-01-02-02-14.wav,03-01-02-01-02-02-14.wav,03,audio_only,01,speech,02,calm,01,normal,02,dogs_are_sitting_by_the_door,2,14,female
clip_00795,data\raw\Audio_Speech_Actors_01-24\Actor_14\03-01-02-02-02-02-14.wav,03-01-02-02-02-02-14.wav,03,audio_only,01,speech,02,calm,02,strong,02,dogs_are_sitting_by_the_door,2,14,female
clip_00796,data\raw\Audio_Speech_Actors_01-24\Actor_14\03-01-07-01-01-01-14.wav,03-01-07-01-01-01-14.wav,03,audio_only,01,speech,07,disgust,01,normal,01,kids_are_talking_by_the_door,1,14,female
clip_00797,data\raw\Audio_Speech_Actors_01-24\Actor_14\03-01-07-02-01-01-14.wav,03-01-07-02-01-01-14.wav,03,audio_only,01,speech,07,disgust,02,strong,01,kids_are_talking_by_the_door,1,14,female
clip_00798,data\raw\Audio_Speech_Actors_01-24\Actor_14\03-01-07-01-01-02-14.wav,03-01-07-01-01-02-14.wav,03,audio_only,01,speech,07,disgust,01,normal,01,kids_are_talking_by_the_door,2,14,female
clip_00799,data\raw\Audio_Speech_Actors_01-24\Actor_14\03-01-07-02-01-02-14.wav,03-01-07-02-01-02-14.wav,03,audio_only,01,speech,07,disgust,02,strong,01,kids_are_talking_by_the_door,2,14,female
clip_00800,data\raw\Audio_Speech_Actors_01-24\Actor_14\03-01-07-01-02-01-14.wav,03-01-07-01-02-01-14.wav,03,audio_only,01,speech,07,disgust,01,normal,02,dogs_are_sitting_by_the_door,1,14,female
clip_00801,data\raw\Audio_Speech_Actors_01-24\Actor_14\03-01-07-02-02-01-14.wav,03-01-07-02-02-01-14.wav,03,audio_only,01,speech,07,disgust,02,strong,02,dogs_are_sitting_by_the_door,1,14,female
clip_00802,data\raw\Audio_Speech_Actors_01-24\Actor_14\03-01-07-01-02-02-14.wav,03-01-07-01-02-02-14.wav,03,audio_only,01,speech,07,disgust,01,normal,02,dogs_are_sitting_by_the_door,2,14,female
clip_00803,data\raw\Audio_Speech_Actors_01-24\Actor_14\03-01-07-02-02-02-14.wav,03-01-07-02-02-02-14.wav,03,audio_only,01,speech,07,disgust,02,strong,02,dogs_are_sitting_by_the_door,2,14,female
clip_00804,data\raw\Audio_Speech_Actors_01-24\Actor_14\03-01-06-01-01-01-14.wav,03-01-06-01-01-01-14.wav,03,audio_only,01,speech,06,fearful,01,normal,01,kids_are_talking_by_the_door,1,14,female
clip_00805,data\raw\Audio_Speech_Actors_01-24\Actor_14\03-01-06-02-01-01-14.wav,03-01-06-02-01-01-14.wav,03,audio_only,01,speech,06,fearful,02,strong,01,kids_are_talking_by_the_door,1,14,female
clip_00806,data\raw\Audio_Speech_Actors_01-24\Actor_14\03-01-06-01-01-02-14.wav,03-01-06-01-01-02-14.wav,03,audio_only,01,speech,06,fearful,01,normal,01,kids_are_talking_by_the_door,2,14,female
clip_00807,data\raw\Audio_Speech_Actors_01-24\Actor_14\03-01-06-02-01-02-14.wav,03-01-06-02-01-02-14.wav,03,audio_only,01,speech,06,fearful,02,strong,01,kids_are_talking_by_the_door,2,14,female
clip_00808,data\raw\Audio_Speech_Actors_01-24\Actor_14\03-01-06-01-02-01-14.wav,03-01-06-01-02-01-14.wav,03,audio_only,01,speech,06,fearful,01,normal,02,dogs_are_sitting_by_the_door,1,14,female
clip_00809,data\raw\Audio_Speech_Actors_01-24\Actor_14\03-01-06-02-02-01-14.wav,03-01-06-02-02-01-14.wav,03,audio_only,01,speech,06,fearful,02,strong,02,dogs_are_sitting_by_the_door,1,14,female
clip_00810,data\raw\Audio_Speech_Actors_01-24\Actor_14\03-01-06-01-02-02-14.wav,03-01-06-01-02-02-14.wav,03,audio_only,01,speech,06,fearful,01,normal,02,dogs_are_sitting_by_the_door,2,14,female
clip_00811,data\raw\Audio_Speech_Actors_01-24\Actor_14\03-01-06-02-02-02-14.wav,03-01-06-02-02-02-14.wav,03,audio_only,01,speech,06,fearful,02,strong,02,dogs_are_sitting_by_the_door,2,14,female
clip_00812,data\raw\Audio_Speech_Actors_01-24\Actor_14\03-01-03-01-01-01-14.wav,03-01-03-01-01-01-14.wav,03,audio_only,01,speech,03,happy,01,normal,01,kids_are_talking_by_the_door,1,14,female
clip_00813,data\raw\Audio_Speech_Actors_01-24\Actor_14\03-01-03-02-01-01-14.wav,03-01-03-02-01-01-14.wav,03,audio_only,01,speech,03,happy,02,strong,01,kids_are_talking_by_the_door,1,14,female
clip_00814,data\raw\Audio_Speech_Actors_01-24\Actor_14\03-01-03-01-01-02-14.wav,03-01-03-01-01-02-14.wav,03,audio_only,01,speech,03,happy,01,normal,01,kids_are_talking_by_the_door,2,14,female
clip_00815,data\raw\Audio_Speech_Actors_01-24\Actor_14\03-01-03-02-01-02-14.wav,03-01-03-02-01-02-14.wav,03,audio_only,01,speech,03,happy,02,strong,01,kids_are_talking_by_the_door,2,14,female
clip_00816,data\raw\Audio_Speech_Actors_01-24\Actor_14\03-01-03-01-02-01-14.wav,03-01-03-01-02-01-14.wav,03,audio_only,01,speech,03,happy,01,normal,02,dogs_are_sitting_by_the_door,1,14,female
clip_00817,data\raw\Audio_Speech_Actors_01-24\Actor_14\03-01-03-02-02-01-14.wav,03-01-03-02-02-01-14.wav,03,audio_only,01,speech,03,happy,02,strong,02,dogs_are_sitting_by_the_door,1,14,female
clip_00818,data\raw\Audio_Speech_Actors_01-24\Actor_14\03-01-03-01-02-02-14.wav,03-01-03-01-02-02-14.wav,03,audio_only,01,speech,03,happy,01,normal,02,dogs_are_sitting_by_the_door,2,14,female
clip_00819,data\raw\Audio_Speech_Actors_01-24\Actor_14\03-01-03-02-02-02-14.wav,03-01-03-02-02-02-14.wav,03,audio_only,01,speech,03,happy,02,strong,02,dogs_are_sitting_by_the_door,2,14,female
clip_00820,data\raw\Audio_Speech_Actors_01-24\Actor_14\03-01-01-01-01-01-14.wav,03-01-01-01-01-01-14.wav,03,audio_only,01,speech,01,neutral,01,normal,01,kids_are_talking_by_the_door,1,14,female
clip_00821,data\raw\Audio_Speech_Actors_01-24\Actor_14\03-01-01-01-01-02-14.wav,03-01-01-01-01-02-14.wav,03,audio_only,01,speech,01,neutral,01,normal,01,kids_are_talking_by_the_door,2,14,female
clip_00822,data\raw\Audio_Speech_Actors_01-24\Actor_14\03-01-01-01-02-01-14.wav,03-01-01-01-02-01-14.wav,03,audio_only,01,speech,01,neutral,01,normal,02,dogs_are_sitting_by_the_door,1,14,female
clip_00823,data\raw\Audio_Speech_Actors_01-24\Actor_14\03-01-01-01-02-02-14.wav,03-01-01-01-02-02-14.wav,03,audio_only,01,speech,01,neutral,01,normal,02,dogs_are_sitting_by_the_door,2,14,female
clip_00824,data\raw\Audio_Speech_Actors_01-24\Actor_14\03-01-04-01-01-01-14.wav,03-01-04-01-01-01-14.wav,03,audio_only,01,speech,04,sad,01,normal,01,kids_are_talking_by_the_door,1,14,female
clip_00825,data\raw\Audio_Speech_Actors_01-24\Actor_14\03-01-04-02-01-01-14.wav,03-01-04-02-01-01-14.wav,03,audio_only,01,speech,04,sad,02,strong,01,kids_are_talking_by_the_door,1,14,female
clip_00826,data\raw\Audio_Speech_Actors_01-24\Actor_14\03-01-04-01-01-02-14.wav,03-01-04-01-01-02-14.wav,03,audio_only,01,speech,04,sad,01,normal,01,kids_are_talking_by_the_door,2,14,female
clip_00827,data\raw\Audio_Speech_Actors_01-24\Actor_14\03-01-04-02-01-02-14.wav,03-01-04-02-01-02-14.wav,03,audio_only,01,speech,04,sad,02,strong,01,kids_are_talking_by_the_door,2,14,female
clip_00828,data\raw\Audio_Speech_Actors_01-24\Actor_14\03-01-04-01-02-01-14.wav,03-01-04-01-02-01-14.wav,03,audio_only,01,speech,04,sad,01,normal,02,dogs_are_sitting_by_the_door,1,14,female
clip_00829,data\raw\Audio_Speech_Actors_01-24\Actor_14\03-01-04-02-02-01-14.wav,03-01-04-02-02-01-14.wav,03,audio_only,01,speech,04,sad,02,strong,02,dogs_are_sitting_by_the_door,1,14,female
clip_00830,data\raw\Audio_Speech_Actors_01-24\Actor_14\03-01-04-01-02-02-14.wav,03-01-04-01-02-02-14.wav,03,audio_only,01,speech,04,sad,01,normal,02,dogs_are_sitting_by_the_door,2,14,female
clip_00831,data\raw\Audio_Speech_Actors_01-24\Actor_14\03-01-04-02-02-02-14.wav,03-01-04-02-02-02-14.wav,03,audio_only,01,speech,04,sad,02,strong,02,dogs_are_sitting_by_the_door,2,14,female
clip_00832,data\raw\Audio_Speech_Actors_01-24\Actor_14\03-01-08-01-01-01-14.wav,03-01-08-01-01-01-14.wav,03,audio_only,01,speech,08,surprised,01,normal,01,kids_are_talking_by_the_door,1,14,female
clip_00833,data\raw\Audio_Speech_Actors_01-24\Actor_14\03-01-08-02-01-01-14.wav,03-01-08-02-01-01-14.wav,03,audio_only,01,speech,08,surprised,02,strong,01,kids_are_talking_by_the_door,1,14,female
clip_00834,data\raw\Audio_Speech_Actors_01-24\Actor_14\03-01-08-01-01-02-14.wav,03-01-08-01-01-02-14.wav,03,audio_only,01,speech,08,surprised,01,normal,01,kids_are_talking_by_the_door,2,14,female
clip_00835,data\raw\Audio_Speech_Actors_01-24\Actor_14\03-01-08-02-01-02-14.wav,03-01-08-02-01-02-14.wav,03,audio_only,01,speech,08,surprised,02,strong,01,kids_are_talking_by_the_door,2,14,female
clip_00836,data\raw\Audio_Speech_Actors_01-24\Actor_14\03-01-08-01-02-01-14.wav,03-01-08-01-02-01-14.wav,03,audio_only,01,speech,08,surprised,01,normal,02,dogs_are_sitting_by_the_door,1,14,female
clip_00837,data\raw\Audio_Speech_Actors_01-24\Actor_14\03-01-08-02-02-01-14.wav,03-01-08-02-02-01-14.wav,03,audio_only,01,speech,08,surprised,02,strong,02,dogs_are_sitting_by_the_door,1,14,female
clip_00838,data\raw\Audio_Speech_Actors_01-24\Actor_14\03-01-08-01-02-02-14.wav,03-01-08-01-02-02-14.wav,03,audio_only,01,speech,08,surprised,01,normal,02,dogs_are_sitting_by_the_door,2,14,female
clip_00839,data\raw\Audio_Speech_Actors_01-24\Actor_14\03-01-08-02-02-02-14.wav,03-01-08-02-02-02-14.wav,03,audio_only,01,speech,08,surprised,02,strong,02,dogs_are_sitting_by_the_door,2,14,female
clip_00840,data\raw\Audio_Speech_Actors_01-24\Actor_15\03-01-05-01-01-01-15.wav,03-01-05-01-01-01-15.wav,03,audio_only,01,speech,05,angry,01,normal,01,kids_are_talking_by_the_door,1,15,male
clip_00841,data\raw\Audio_Speech_Actors_01-24\Actor_15\03-01-05-02-01-01-15.wav,03-01-05-02-01-01-15.wav,03,audio_only,01,speech,05,angry,02,strong,01,kids_are_talking_by_the_door,1,15,male
clip_00842,data\raw\Audio_Speech_Actors_01-24\Actor_15\03-01-05-01-01-02-15.wav,03-01-05-01-01-02-15.wav,03,audio_only,01,speech,05,angry,01,normal,01,kids_are_talking_by_the_door,2,15,male
clip_00843,data\raw\Audio_Speech_Actors_01-24\Actor_15\03-01-05-02-01-02-15.wav,03-01-05-02-01-02-15.wav,03,audio_only,01,speech,05,angry,02,strong,01,kids_are_talking_by_the_door,2,15,male
clip_00844,data\raw\Audio_Speech_Actors_01-24\Actor_15\03-01-05-01-02-01-15.wav,03-01-05-01-02-01-15.wav,03,audio_only,01,speech,05,angry,01,normal,02,dogs_are_sitting_by_the_door,1,15,male
clip_00845,data\raw\Audio_Speech_Actors_01-24\Actor_15\03-01-05-02-02-01-15.wav,03-01-05-02-02-01-15.wav,03,audio_only,01,speech,05,angry,02,strong,02,dogs_are_sitting_by_the_door,1,15,male
clip_00846,data\raw\Audio_Speech_Actors_01-24\Actor_15\03-01-05-01-02-02-15.wav,03-01-05-01-02-02-15.wav,03,audio_only,01,speech,05,angry,01,normal,02,dogs_are_sitting_by_the_door,2,15,male
clip_00847,data\raw\Audio_Speech_Actors_01-24\Actor_15\03-01-05-02-02-02-15.wav,03-01-05-02-02-02-15.wav,03,audio_only,01,speech,05,angry,02,strong,02,dogs_are_sitting_by_the_door,2,15,male
clip_00848,data\raw\Audio_Speech_Actors_01-24\Actor_15\03-01-02-01-01-01-15.wav,03-01-02-01-01-01-15.wav,03,audio_only,01,speech,02,calm,01,normal,01,kids_are_talking_by_the_door,1,15,male
clip_00849,data\raw\Audio_Speech_Actors_01-24\Actor_15\03-01-02-02-01-01-15.wav,03-01-02-02-01-01-15.wav,03,audio_only,01,speech,02,calm,02,strong,01,kids_are_talking_by_the_door,1,15,male
clip_00850,data\raw\Audio_Speech_Actors_01-24\Actor_15\03-01-02-01-01-02-15.wav,03-01-02-01-01-02-15.wav,03,audio_only,01,speech,02,calm,01,normal,01,kids_are_talking_by_the_door,2,15,male
clip_00851,data\raw\Audio_Speech_Actors_01-24\Actor_15\03-01-02-02-01-02-15.wav,03-01-02-02-01-02-15.wav,03,audio_only,01,speech,02,calm,02,strong,01,kids_are_talking_by_the_door,2,15,male
clip_00852,data\raw\Audio_Speech_Actors_01-24\Actor_15\03-01-02-01-02-01-15.wav,03-01-02-01-02-01-15.wav,03,audio_only,01,speech,02,calm,01,normal,02,dogs_are_sitting_by_the_door,1,15,male
clip_00853,data\raw\Audio_Speech_Actors_01-24\Actor_15\03-01-02-02-02-01-15.wav,03-01-02-02-02-01-15.wav,03,audio_only,01,speech,02,calm,02,strong,02,dogs_are_sitting_by_the_door,1,15,male
clip_00854,data\raw\Audio_Speech_Actors_01-24\Actor_15\03-01-02-01-02-02-15.wav,03-01-02-01-02-02-15.wav,03,audio_only,01,speech,02,calm,01,normal,02,dogs_are_sitting_by_the_door,2,15,male
clip_00855,data\raw\Audio_Speech_Actors_01-24\Actor_15\03-01-02-02-02-02-15.wav,03-01-02-02-02-02-15.wav,03,audio_only,01,speech,02,calm,02,strong,02,dogs_are_sitting_by_the_door,2,15,male
clip_00856,data\raw\Audio_Speech_Actors_01-24\Actor_15\03-01-07-01-01-01-15.wav,03-01-07-01-01-01-15.wav,03,audio_only,01,speech,07,disgust,01,normal,01,kids_are_talking_by_the_door,1,15,male
clip_00857,data\raw\Audio_Speech_Actors_01-24\Actor_15\03-01-07-02-01-01-15.wav,03-01-07-02-01-01-15.wav,03,audio_only,01,speech,07,disgust,02,strong,01,kids_are_talking_by_the_door,1,15,male
clip_00858,data\raw\Audio_Speech_Actors_01-24\Actor_15\03-01-07-01-01-02-15.wav,03-01-07-01-01-02-15.wav,03,audio_only,01,speech,07,disgust,01,normal,01,kids_are_talking_by_the_door,2,15,male
clip_00859,data\raw\Audio_Speech_Actors_01-24\Actor_15\03-01-07-02-01-02-15.wav,03-01-07-02-01-02-15.wav,03,audio_only,01,speech,07,disgust,02,strong,01,kids_are_talking_by_the_door,2,15,male
clip_00860,data\raw\Audio_Speech_Actors_01-24\Actor_15\03-01-07-01-02-01-15.wav,03-01-07-01-02-01-15.wav,03,audio_only,01,speech,07,disgust,01,normal,02,dogs_are_sitting_by_the_door,1,15,male
clip_00861,data\raw\Audio_Speech_Actors_01-24\Actor_15\03-01-07-02-02-01-15.wav,03-01-07-02-02-01-15.wav,03,audio_only,01,speech,07,disgust,02,strong,02,dogs_are_sitting_by_the_door,1,15,male
clip_00862,data\raw\Audio_Speech_Actors_01-24\Actor_15\03-01-07-01-02-02-15.wav,03-01-07-01-02-02-15.wav,03,audio_only,01,speech,07,disgust,01,normal,02,dogs_are_sitting_by_the_door,2,15,male
clip_00863,data\raw\Audio_Speech_Actors_01-24\Actor_15\03-01-07-02-02-02-15.wav,03-01-07-02-02-02-15.wav,03,audio_only,01,speech,07,disgust,02,strong,02,dogs_are_sitting_by_the_door,2,15,male
clip_00864,data\raw\Audio_Speech_Actors_01-24\Actor_15\03-01-06-01-01-01-15.wav,03-01-06-01-01-01-15.wav,03,audio_only,01,speech,06,fearful,01,normal,01,kids_are_talking_by_the_door,1,15,male
clip_00865,data\raw\Audio_Speech_Actors_01-24\Actor_15\03-01-06-02-01-01-15.wav,03-01-06-02-01-01-15.wav,03,audio_only,01,speech,06,fearful,02,strong,01,kids_are_talking_by_the_door,1,15,male
clip_00866,data\raw\Audio_Speech_Actors_01-24\Actor_15\03-01-06-01-01-02-15.wav,03-01-06-01-01-02-15.wav,03,audio_only,01,speech,06,fearful,01,normal,01,kids_are_talking_by_the_door,2,15,male
clip_00867,data\raw\Audio_Speech_Actors_01-24\Actor_15\03-01-06-02-01-02-15.wav,03-01-06-02-01-02-15.wav,03,audio_only,01,speech,06,fearful,02,strong,01,kids_are_talking_by_the_door,2,15,male
clip_00868,data\raw\Audio_Speech_Actors_01-24\Actor_15\03-01-06-01-02-01-15.wav,03-01-06-01-02-01-15.wav,03,audio_only,01,speech,06,fearful,01,normal,02,dogs_are_sitting_by_the_door,1,15,male
clip_00869,data\raw\Audio_Speech_Actors_01-24\Actor_15\03-01-06-02-02-01-15.wav,03-01-06-02-02-01-15.wav,03,audio_only,01,speech,06,fearful,02,strong,02,dogs_are_sitting_by_the_door,1,15,male
clip_00870,data\raw\Audio_Speech_Actors_01-24\Actor_15\03-01-06-01-02-02-15.wav,03-01-06-01-02-02-15.wav,03,audio_only,01,speech,06,fearful,01,normal,02,dogs_are_sitting_by_the_door,2,15,male
clip_00871,data\raw\Audio_Speech_Actors_01-24\Actor_15\03-01-06-02-02-02-15.wav,03-01-06-02-02-02-15.wav,03,audio_only,01,speech,06,fearful,02,strong,02,dogs_are_sitting_by_the_door,2,15,male
clip_00872,data\raw\Audio_Speech_Actors_01-24\Actor_15\03-01-03-01-01-01-15.wav,03-01-03-01-01-01-15.wav,03,audio_only,01,speech,03,happy,01,normal,01,kids_are_talking_by_the_door,1,15,male
clip_00873,data\raw\Audio_Speech_Actors_01-24\Actor_15\03-01-03-02-01-01-15.wav,03-01-03-02-01-01-15.wav,03,audio_only,01,speech,03,happy,02,strong,01,kids_are_talking_by_the_door,1,15,male
clip_00874,data\raw\Audio_Speech_Actors_01-24\Actor_15\03-01-03-01-01-02-15.wav,03-01-03-01-01-02-15.wav,03,audio_only,01,speech,03,happy,01,normal,01,kids_are_talking_by_the_door,2,15,male
clip_00875,data\raw\Audio_Speech_Actors_01-24\Actor_15\03-01-03-02-01-02-15.wav,03-01-03-02-01-02-15.wav,03,audio_only,01,speech,03,happy,02,strong,01,kids_are_talking_by_the_door,2,15,male
clip_00876,data\raw\Audio_Speech_Actors_01-24\Actor_15\03-01-03-01-02-01-15.wav,03-01-03-01-02-01-15.wav,03,audio_only,01,speech,03,happy,01,normal,02,dogs_are_sitting_by_the_door,1,15,male
clip_00877,data\raw\Audio_Speech_Actors_01-24\Actor_15\03-01-03-02-02-01-15.wav,03-01-03-02-02-01-15.wav,03,audio_only,01,speech,03,happy,02,strong,02,dogs_are_sitting_by_the_door,1,15,male
clip_00878,data\raw\Audio_Speech_Actors_01-24\Actor_15\03-01-03-01-02-02-15.wav,03-01-03-01-02-02-15.wav,03,audio_only,01,speech,03,happy,01,normal,02,dogs_are_sitting_by_the_door,2,15,male
clip_00879,data\raw\Audio_Speech_Actors_01-24\Actor_15\03-01-03-02-02-02-15.wav,03-01-03-02-02-02-15.wav,03,audio_only,01,speech,03,happy,02,strong,02,dogs_are_sitting_by_the_door,2,15,male
clip_00880,data\raw\Audio_Speech_Actors_01-24\Actor_15\03-01-01-01-01-01-15.wav,03-01-01-01-01-01-15.wav,03,audio_only,01,speech,01,neutral,01,normal,01,kids_are_talking_by_the_door,1,15,male
clip_00881,data\raw\Audio_Speech_Actors_01-24\Actor_15\03-01-01-01-01-02-15.wav,03-01-01-01-01-02-15.wav,03,audio_only,01,speech,01,neutral,01,normal,01,kids_are_talking_by_the_door,2,15,male
clip_00882,data\raw\Audio_Speech_Actors_01-24\Actor_15\03-01-01-01-02-01-15.wav,03-01-01-01-02-01-15.wav,03,audio_only,01,speech,01,neutral,01,normal,02,dogs_are_sitting_by_the_door,1,15,male
clip_00883,data\raw\Audio_Speech_Actors_01-24\Actor_15\03-01-01-01-02-02-15.wav,03-01-01-01-02-02-15.wav,03,audio_only,01,speech,01,neutral,01,normal,02,dogs_are_sitting_by_the_door,2,15,male
clip_00884,data\raw\Audio_Speech_Actors_01-24\Actor_15\03-01-04-01-01-01-15.wav,03-01-04-01-01-01-15.wav,03,audio_only,01,speech,04,sad,01,normal,01,kids_are_talking_by_the_door,1,15,male
clip_00885,data\raw\Audio_Speech_Actors_01-24\Actor_15\03-01-04-02-01-01-15.wav,03-01-04-02-01-01-15.wav,03,audio_only,01,speech,04,sad,02,strong,01,kids_are_talking_by_the_door,1,15,male
clip_00886,data\raw\Audio_Speech_Actors_01-24\Actor_15\03-01-04-01-01-02-15.wav,03-01-04-01-01-02-15.wav,03,audio_only,01,speech,04,sad,01,normal,01,kids_are_talking_by_the_door,2,15,male
clip_00887,data\raw\Audio_Speech_Actors_01-24\Actor_15\03-01-04-02-01-02-15.wav,03-01-04-02-01-02-15.wav,03,audio_only,01,speech,04,sad,02,strong,01,kids_are_talking_by_the_door,2,15,male
clip_00888,data\raw\Audio_Speech_Actors_01-24\Actor_15\03-01-04-01-02-01-15.wav,03-01-04-01-02-01-15.wav,03,audio_only,01,speech,04,sad,01,normal,02,dogs_are_sitting_by_the_door,1,15,male
clip_00889,data\raw\Audio_Speech_Actors_01-24\Actor_15\03-01-04-02-02-01-15.wav,03-01-04-02-02-01-15.wav,03,audio_only,01,speech,04,sad,02,strong,02,dogs_are_sitting_by_the_door,1,15,male
clip_00890,data\raw\Audio_Speech_Actors_01-24\Actor_15\03-01-04-01-02-02-15.wav,03-01-04-01-02-02-15.wav,03,audio_only,01,speech,04,sad,01,normal,02,dogs_are_sitting_by_the_door,2,15,male
clip_00891,data\raw\Audio_Speech_Actors_01-24\Actor_15\03-01-04-02-02-02-15.wav,03-01-04-02-02-02-15.wav,03,audio_only,01,speech,04,sad,02,strong,02,dogs_are_sitting_by_the_door,2,15,male
clip_00892,data\raw\Audio_Speech_Actors_01-24\Actor_15\03-01-08-01-01-01-15.wav,03-01-08-01-01-01-15.wav,03,audio_only,01,speech,08,surprised,01,normal,01,kids_are_talking_by_the_door,1,15,male
clip_00893,data\raw\Audio_Speech_Actors_01-24\Actor_15\03-01-08-02-01-01-15.wav,03-01-08-02-01-01-15.wav,03,audio_only,01,speech,08,surprised,02,strong,01,kids_are_talking_by_the_door,1,15,male
clip_00894,data\raw\Audio_Speech_Actors_01-24\Actor_15\03-01-08-01-01-02-15.wav,03-01-08-01-01-02-15.wav,03,audio_only,01,speech,08,surprised,01,normal,01,kids_are_talking_by_the_door,2,15,male
clip_00895,data\raw\Audio_Speech_Actors_01-24\Actor_15\03-01-08-02-01-02-15.wav,03-01-08-02-01-02-15.wav,03,audio_only,01,speech,08,surprised,02,strong,01,kids_are_talking_by_the_door,2,15,male
clip_00896,data\raw\Audio_Speech_Actors_01-24\Actor_15\03-01-08-01-02-01-15.wav,03-01-08-01-02-01-15.wav,03,audio_only,01,speech,08,surprised,01,normal,02,dogs_are_sitting_by_the_door,1,15,male
clip_00897,data\raw\Audio_Speech_Actors_01-24\Actor_15\03-01-08-02-02-01-15.wav,03-01-08-02-02-01-15.wav,03,audio_only,01,speech,08,surprised,02,strong,02,dogs_are_sitting_by_the_door,1,15,male
clip_00898,data\raw\Audio_Speech_Actors_01-24\Actor_15\03-01-08-01-02-02-15.wav,03-01-08-01-02-02-15.wav,03,audio_only,01,speech,08,surprised,01,normal,02,dogs_are_sitting_by_the_door,2,15,male
clip_00899,data\raw\Audio_Speech_Actors_01-24\Actor_15\03-01-08-02-02-02-15.wav,03-01-08-02-02-02-15.wav,03,audio_only,01,speech,08,surprised,02,strong,02,dogs_are_sitting_by_the_door,2,15,male
clip_00900,data\raw\Audio_Speech_Actors_01-24\Actor_16\03-01-05-01-01-01-16.wav,03-01-05-01-01-01-16.wav,03,audio_only,01,speech,05,angry,01,normal,01,kids_are_talking_by_the_door,1,16,female
clip_00901,data\raw\Audio_Speech_Actors_01-24\Actor_16\03-01-05-02-01-01-16.wav,03-01-05-02-01-01-16.wav,03,audio_only,01,speech,05,angry,02,strong,01,kids_are_talking_by_the_door,1,16,female
clip_00902,data\raw\Audio_Speech_Actors_01-24\Actor_16\03-01-05-01-01-02-16.wav,03-01-05-01-01-02-16.wav,03,audio_only,01,speech,05,angry,01,normal,01,kids_are_talking_by_the_door,2,16,female
clip_00903,data\raw\Audio_Speech_Actors_01-24\Actor_16\03-01-05-02-01-02-16.wav,03-01-05-02-01-02-16.wav,03,audio_only,01,speech,05,angry,02,strong,01,kids_are_talking_by_the_door,2,16,female
clip_00904,data\raw\Audio_Speech_Actors_01-24\Actor_16\03-01-05-01-02-01-16.wav,03-01-05-01-02-01-16.wav,03,audio_only,01,speech,05,angry,01,normal,02,dogs_are_sitting_by_the_door,1,16,female
clip_00905,data\raw\Audio_Speech_Actors_01-24\Actor_16\03-01-05-02-02-01-16.wav,03-01-05-02-02-01-16.wav,03,audio_only,01,speech,05,angry,02,strong,02,dogs_are_sitting_by_the_door,1,16,female
clip_00906,data\raw\Audio_Speech_Actors_01-24\Actor_16\03-01-05-01-02-02-16.wav,03-01-05-01-02-02-16.wav,03,audio_only,01,speech,05,angry,01,normal,02,dogs_are_sitting_by_the_door,2,16,female
clip_00907,data\raw\Audio_Speech_Actors_01-24\Actor_16\03-01-05-02-02-02-16.wav,03-01-05-02-02-02-16.wav,03,audio_only,01,speech,05,angry,02,strong,02,dogs_are_sitting_by_the_door,2,16,female
clip_00908,data\raw\Audio_Speech_Actors_01-24\Actor_16\03-01-02-01-01-01-16.wav,03-01-02-01-01-01-16.wav,03,audio_only,01,speech,02,calm,01,normal,01,kids_are_talking_by_the_door,1,16,female
clip_00909,data\raw\Audio_Speech_Actors_01-24\Actor_16\03-01-02-02-01-01-16.wav,03-01-02-02-01-01-16.wav,03,audio_only,01,speech,02,calm,02,strong,01,kids_are_talking_by_the_door,1,16,female
clip_00910,data\raw\Audio_Speech_Actors_01-24\Actor_16\03-01-02-01-01-02-16.wav,03-01-02-01-01-02-16.wav,03,audio_only,01,speech,02,calm,01,normal,01,kids_are_talking_by_the_door,2,16,female
clip_00911,data\raw\Audio_Speech_Actors_01-24\Actor_16\03-01-02-02-01-02-16.wav,03-01-02-02-01-02-16.wav,03,audio_only,01,speech,02,calm,02,strong,01,kids_are_talking_by_the_door,2,16,female
clip_00912,data\raw\Audio_Speech_Actors_01-24\Actor_16\03-01-02-01-02-01-16.wav,03-01-02-01-02-01-16.wav,03,audio_only,01,speech,02,calm,01,normal,02,dogs_are_sitting_by_the_door,1,16,female
clip_00913,data\raw\Audio_Speech_Actors_01-24\Actor_16\03-01-02-02-02-01-16.wav,03-01-02-02-02-01-16.wav,03,audio_only,01,speech,02,calm,02,strong,02,dogs_are_sitting_by_the_door,1,16,female
clip_00914,data\raw\Audio_Speech_Actors_01-24\Actor_16\03-01-02-01-02-02-16.wav,03-01-02-01-02-02-16.wav,03,audio_only,01,speech,02,calm,01,normal,02,dogs_are_sitting_by_the_door,2,16,female
clip_00915,data\raw\Audio_Speech_Actors_01-24\Actor_16\03-01-02-02-02-02-16.wav,03-01-02-02-02-02-16.wav,03,audio_only,01,speech,02,calm,02,strong,02,dogs_are_sitting_by_the_door,2,16,female
clip_00916,data\raw\Audio_Speech_Actors_01-24\Actor_16\03-01-07-01-01-01-16.wav,03-01-07-01-01-01-16.wav,03,audio_only,01,speech,07,disgust,01,normal,01,kids_are_talking_by_the_door,1,16,female
clip_00917,data\raw\Audio_Speech_Actors_01-24\Actor_16\03-01-07-02-01-01-16.wav,03-01-07-02-01-01-16.wav,03,audio_only,01,speech,07,disgust,02,strong,01,kids_are_talking_by_the_door,1,16,female
clip_00918,data\raw\Audio_Speech_Actors_01-24\Actor_16\03-01-07-01-01-02-16.wav,03-01-07-01-01-02-16.wav,03,audio_only,01,speech,07,disgust,01,normal,01,kids_are_talking_by_the_door,2,16,female
clip_00919,data\raw\Audio_Speech_Actors_01-24\Actor_16\03-01-07-02-01-02-16.wav,03-01-07-02-01-02-16.wav,03,audio_only,01,speech,07,disgust,02,strong,01,kids_are_talking_by_the_door,2,16,female
clip_00920,data\raw\Audio_Speech_Actors_01-24\Actor_16\03-01-07-01-02-01-16.wav,03-01-07-01-02-01-16.wav,03,audio_only,01,speech,07,disgust,01,normal,02,dogs_are_sitting_by_the_door,1,16,female
clip_00921,data\raw\Audio_Speech_Actors_01-24\Actor_16\03-01-07-02-02-01-16.wav,03-01-07-02-02-01-16.wav,03,audio_only,01,speech,07,disgust,02,strong,02,dogs_are_sitting_by_the_door,1,16,female
clip_00922,data\raw\Audio_Speech_Actors_01-24\Actor_16\03-01-07-01-02-02-16.wav,03-01-07-01-02-02-16.wav,03,audio_only,01,speech,07,disgust,01,normal,02,dogs_are_sitting_by_the_door,2,16,female
clip_00923,data\raw\Audio_Speech_Actors_01-24\Actor_16\03-01-07-02-02-02-16.wav,03-01-07-02-02-02-16.wav,03,audio_only,01,speech,07,disgust,02,strong,02,dogs_are_sitting_by_the_door,2,16,female
clip_00924,data\raw\Audio_Speech_Actors_01-24\Actor_16\03-01-06-01-01-01-16.wav,03-01-06-01-01-01-16.wav,03,audio_only,01,speech,06,fearful,01,normal,01,kids_are_talking_by_the_door,1,16,female
clip_00925,data\raw\Audio_Speech_Actors_01-24\Actor_16\03-01-06-02-01-01-16.wav,03-01-06-02-01-01-16.wav,03,audio_only,01,speech,06,fearful,02,strong,01,kids_are_talking_by_the_door,1,16,female
clip_00926,data\raw\Audio_Speech_Actors_01-24\Actor_16\03-01-06-01-01-02-16.wav,03-01-06-01-01-02-16.wav,03,audio_only,01,speech,06,fearful,01,normal,01,kids_are_talking_by_the_door,2,16,female
clip_00927,data\raw\Audio_Speech_Actors_01-24\Actor_16\03-01-06-02-01-02-16.wav,03-01-06-02-01-02-16.wav,03,audio_only,01,speech,06,fearful,02,strong,01,kids_are_talking_by_the_door,2,16,female
clip_00928,data\raw\Audio_Speech_Actors_01-24\Actor_16\03-01-06-01-02-01-16.wav,03-01-06-01-02-01-16.wav,03,audio_only,01,speech,06,fearful,01,normal,02,dogs_are_sitting_by_the_door,1,16,female
clip_00929,data\raw\Audio_Speech_Actors_01-24\Actor_16\03-01-06-02-02-01-16.wav,03-01-06-02-02-01-16.wav,03,audio_only,01,speech,06,fearful,02,strong,02,dogs_are_sitting_by_the_door,1,16,female
clip_00930,data\raw\Audio_Speech_Actors_01-24\Actor_16\03-01-06-01-02-02-16.wav,03-01-06-01-02-02-16.wav,03,audio_only,01,speech,06,fearful,01,normal,02,dogs_are_sitting_by_the_door,2,16,female
clip_00931,data\raw\Audio_Speech_Actors_01-24\Actor_16\03-01-06-02-02-02-16.wav,03-01-06-02-02-02-16.wav,03,audio_only,01,speech,06,fearful,02,strong,02,dogs_are_sitting_by_the_door,2,16,female
clip_00932,data\raw\Audio_Speech_Actors_01-24\Actor_16\03-01-03-01-01-01-16.wav,03-01-03-01-01-01-16.wav,03,audio_only,01,speech,03,happy,01,normal,01,kids_are_talking_by_the_door,1,16,female
clip_00933,data\raw\Audio_Speech_Actors_01-24\Actor_16\03-01-03-02-01-01-16.wav,03-01-03-02-01-01-16.wav,03,audio_only,01,speech,03,happy,02,strong,01,kids_are_talking_by_the_door,1,16,female
clip_00934,data\raw\Audio_Speech_Actors_01-24\Actor_16\03-01-03-01-01-02-16.wav,03-01-03-01-01-02-16.wav,03,audio_only,01,speech,03,happy,01,normal,01,kids_are_talking_by_the_door,2,16,female
clip_00935,data\raw\Audio_Speech_Actors_01-24\Actor_16\03-01-03-02-01-02-16.wav,03-01-03-02-01-02-16.wav,03,audio_only,01,speech,03,happy,02,strong,01,kids_are_talking_by_the_door,2,16,female
clip_00936,data\raw\Audio_Speech_Actors_01-24\Actor_16\03-01-03-01-02-01-16.wav,03-01-03-01-02-01-16.wav,03,audio_only,01,speech,03,happy,01,normal,02,dogs_are_sitting_by_the_door,1,16,female
clip_00937,data\raw\Audio_Speech_Actors_01-24\Actor_16\03-01-03-02-02-01-16.wav,03-01-03-02-02-01-16.wav,03,audio_only,01,speech,03,happy,02,strong,02,dogs_are_sitting_by_the_door,1,16,female
clip_00938,data\raw\Audio_Speech_Actors_01-24\Actor_16\03-01-03-01-02-02-16.wav,03-01-03-01-02-02-16.wav,03,audio_only,01,speech,03,happy,01,normal,02,dogs_are_sitting_by_the_door,2,16,female
clip_00939,data\raw\Audio_Speech_Actors_01-24\Actor_16\03-01-03-02-02-02-16.wav,03-01-03-02-02-02-16.wav,03,audio_only,01,speech,03,happy,02,strong,02,dogs_are_sitting_by_the_door,2,16,female
clip_00940,data\raw\Audio_Speech_Actors_01-24\Actor_16\03-01-01-01-01-01-16.wav,03-01-01-01-01-01-16.wav,03,audio_only,01,speech,01,neutral,01,normal,01,kids_are_talking_by_the_door,1,16,female
clip_00941,data\raw\Audio_Speech_Actors_01-24\Actor_16\03-01-01-01-01-02-16.wav,03-01-01-01-01-02-16.wav,03,audio_only,01,speech,01,neutral,01,normal,01,kids_are_talking_by_the_door,2,16,female
clip_00942,data\raw\Audio_Speech_Actors_01-24\Actor_16\03-01-01-01-02-01-16.wav,03-01-01-01-02-01-16.wav,03,audio_only,01,speech,01,neutral,01,normal,02,dogs_are_sitting_by_the_door,1,16,female
clip_00943,data\raw\Audio_Speech_Actors_01-24\Actor_16\03-01-01-01-02-02-16.wav,03-01-01-01-02-02-16.wav,03,audio_only,01,speech,01,neutral,01,normal,02,dogs_are_sitting_by_the_door,2,16,female
clip_00944,data\raw\Audio_Speech_Actors_01-24\Actor_16\03-01-04-01-01-01-16.wav,03-01-04-01-01-01-16.wav,03,audio_only,01,speech,04,sad,01,normal,01,kids_are_talking_by_the_door,1,16,female
clip_00945,data\raw\Audio_Speech_Actors_01-24\Actor_16\03-01-04-02-01-01-16.wav,03-01-04-02-01-01-16.wav,03,audio_only,01,speech,04,sad,02,strong,01,kids_are_talking_by_the_door,1,16,female
clip_00946,data\raw\Audio_Speech_Actors_01-24\Actor_16\03-01-04-01-01-02-16.wav,03-01-04-01-01-02-16.wav,03,audio_only,01,speech,04,sad,01,normal,01,kids_are_talking_by_the_door,2,16,female
clip_00947,data\raw\Audio_Speech_Actors_01-24\Actor_16\03-01-04-02-01-02-16.wav,03-01-04-02-01-02-16.wav,03,audio_only,01,speech,04,sad,02,strong,01,kids_are_talking_by_the_door,2,16,female
clip_00948,data\raw\Audio_Speech_Actors_01-24\Actor_16\03-01-04-01-02-01-16.wav,03-01-04-01-02-01-16.wav,03,audio_only,01,speech,04,sad,01,normal,02,dogs_are_sitting_by_the_door,1,16,female
clip_00949,data\raw\Audio_Speech_Actors_01-24\Actor_16\03-01-04-02-02-01-16.wav,03-01-04-02-02-01-16.wav,03,audio_only,01,speech,04,sad,02,strong,02,dogs_are_sitting_by_the_door,1,16,female
clip_00950,data\raw\Audio_Speech_Actors_01-24\Actor_16\03-01-04-01-02-02-16.wav,03-01-04-01-02-02-16.wav,03,audio_only,01,speech,04,sad,01,normal,02,dogs_are_sitting_by_the_door,2,16,female
clip_00951,data\raw\Audio_Speech_Actors_01-24\Actor_16\03-01-04-02-02-02-16.wav,03-01-04-02-02-02-16.wav,03,audio_only,01,speech,04,sad,02,strong,02,dogs_are_sitting_by_the_door,2,16,female
clip_00952,data\raw\Audio_Speech_Actors_01-24\Actor_16\03-01-08-01-01-01-16.wav,03-01-08-01-01-01-16.wav,03,audio_only,01,speech,08,surprised,01,normal,01,kids_are_talking_by_the_door,1,16,female
clip_00953,data\raw\Audio_Speech_Actors_01-24\Actor_16\03-01-08-02-01-01-16.wav,03-01-08-02-01-01-16.wav,03,audio_only,01,speech,08,surprised,02,strong,01,kids_are_talking_by_the_door,1,16,female
clip_00954,data\raw\Audio_Speech_Actors_01-24\Actor_16\03-01-08-01-01-02-16.wav,03-01-08-01-01-02-16.wav,03,audio_only,01,speech,08,surprised,01,normal,01,kids_are_talking_by_the_door,2,16,female
clip_00955,data\raw\Audio_Speech_Actors_01-24\Actor_16\03-01-08-02-01-02-16.wav,03-01-08-02-01-02-16.wav,03,audio_only,01,speech,08,surprised,02,strong,01,kids_are_talking_by_the_door,2,16,female
clip_00956,data\raw\Audio_Speech_Actors_01-24\Actor_16\03-01-08-01-02-01-16.wav,03-01-08-01-02-01-16.wav,03,audio_only,01,speech,08,surprised,01,normal,02,dogs_are_sitting_by_the_door,1,16,female
clip_00957,data\raw\Audio_Speech_Actors_01-24\Actor_16\03-01-08-02-02-01-16.wav,03-01-08-02-02-01-16.wav,03,audio_only,01,speech,08,surprised,02,strong,02,dogs_are_sitting_by_the_door,1,16,female
clip_00958,data\raw\Audio_Speech_Actors_01-24\Actor_16\03-01-08-01-02-02-16.wav,03-01-08-01-02-02-16.wav,03,audio_only,01,speech,08,surprised,01,normal,02,dogs_are_sitting_by_the_door,2,16,female
clip_00959,data\raw\Audio_Speech_Actors_01-24\Actor_16\03-01-08-02-02-02-16.wav,03-01-08-02-02-02-16.wav,03,audio_only,01,speech,08,surprised,02,strong,02,dogs_are_sitting_by_the_door,2,16,female
clip_00960,data\raw\Audio_Speech_Actors_01-24\Actor_17\03-01-05-01-01-01-17.wav,03-01-05-01-01-01-17.wav,03,audio_only,01,speech,05,angry,01,normal,01,kids_are_talking_by_the_door,1,17,male
clip_00961,data\raw\Audio_Speech_Actors_01-24\Actor_17\03-01-05-02-01-01-17.wav,03-01-05-02-01-01-17.wav,03,audio_only,01,speech,05,angry,02,strong,01,kids_are_talking_by_the_door,1,17,male
clip_00962,data\raw\Audio_Speech_Actors_01-24\Actor_17\03-01-05-01-01-02-17.wav,03-01-05-01-01-02-17.wav,03,audio_only,01,speech,05,angry,01,normal,01,kids_are_talking_by_the_door,2,17,male
clip_00963,data\raw\Audio_Speech_Actors_01-24\Actor_17\03-01-05-02-01-02-17.wav,03-01-05-02-01-02-17.wav,03,audio_only,01,speech,05,angry,02,strong,01,kids_are_talking_by_the_door,2,17,male
clip_00964,data\raw\Audio_Speech_Actors_01-24\Actor_17\03-01-05-01-02-01-17.wav,03-01-05-01-02-01-17.wav,03,audio_only,01,speech,05,angry,01,normal,02,dogs_are_sitting_by_the_door,1,17,male
clip_00965,data\raw\Audio_Speech_Actors_01-24\Actor_17\03-01-05-02-02-01-17.wav,03-01-05-02-02-01-17.wav,03,audio_only,01,speech,05,angry,02,strong,02,dogs_are_sitting_by_the_door,1,17,male
clip_00966,data\raw\Audio_Speech_Actors_01-24\Actor_17\03-01-05-01-02-02-17.wav,03-01-05-01-02-02-17.wav,03,audio_only,01,speech,05,angry,01,normal,02,dogs_are_sitting_by_the_door,2,17,male
clip_00967,data\raw\Audio_Speech_Actors_01-24\Actor_17\03-01-05-02-02-02-17.wav,03-01-05-02-02-02-17.wav,03,audio_only,01,speech,05,angry,02,strong,02,dogs_are_sitting_by_the_door,2,17,male
clip_00968,data\raw\Audio_Speech_Actors_01-24\Actor_17\03-01-02-01-01-01-17.wav,03-01-02-01-01-01-17.wav,03,audio_only,01,speech,02,calm,01,normal,01,kids_are_talking_by_the_door,1,17,male
clip_00969,data\raw\Audio_Speech_Actors_01-24\Actor_17\03-01-02-02-01-01-17.wav,03-01-02-02-01-01-17.wav,03,audio_only,01,speech,02,calm,02,strong,01,kids_are_talking_by_the_door,1,17,male
clip_00970,data\raw\Audio_Speech_Actors_01-24\Actor_17\03-01-02-01-01-02-17.wav,03-01-02-01-01-02-17.wav,03,audio_only,01,speech,02,calm,01,normal,01,kids_are_talking_by_the_door,2,17,male
clip_00971,data\raw\Audio_Speech_Actors_01-24\Actor_17\03-01-02-02-01-02-17.wav,03-01-02-02-01-02-17.wav,03,audio_only,01,speech,02,calm,02,strong,01,kids_are_talking_by_the_door,2,17,male
clip_00972,data\raw\Audio_Speech_Actors_01-24\Actor_17\03-01-02-01-02-01-17.wav,03-01-02-01-02-01-17.wav,03,audio_only,01,speech,02,calm,01,normal,02,dogs_are_sitting_by_the_door,1,17,male
clip_00973,data\raw\Audio_Speech_Actors_01-24\Actor_17\03-01-02-02-02-01-17.wav,03-01-02-02-02-01-17.wav,03,audio_only,01,speech,02,calm,02,strong,02,dogs_are_sitting_by_the_door,1,17,male
clip_00974,data\raw\Audio_Speech_Actors_01-24\Actor_17\03-01-02-01-02-02-17.wav,03-01-02-01-02-02-17.wav,03,audio_only,01,speech,02,calm,01,normal,02,dogs_are_sitting_by_the_door,2,17,male
clip_00975,data\raw\Audio_Speech_Actors_01-24\Actor_17\03-01-02-02-02-02-17.wav,03-01-02-02-02-02-17.wav,03,audio_only,01,speech,02,calm,02,strong,02,dogs_are_sitting_by_the_door,2,17,male
clip_00976,data\raw\Audio_Speech_Actors_01-24\Actor_17\03-01-07-01-01-01-17.wav,03-01-07-01-01-01-17.wav,03,audio_only,01,speech,07,disgust,01,normal,01,kids_are_talking_by_the_door,1,17,male
clip_00977,data\raw\Audio_Speech_Actors_01-24\Actor_17\03-01-07-02-01-01-17.wav,03-01-07-02-01-01-17.wav,03,audio_only,01,speech,07,disgust,02,strong,01,kids_are_talking_by_the_door,1,17,male
clip_00978,data\raw\Audio_Speech_Actors_01-24\Actor_17\03-01-07-01-01-02-17.wav,03-01-07-01-01-02-17.wav,03,audio_only,01,speech,07,disgust,01,normal,01,kids_are_talking_by_the_door,2,17,male
clip_00979,data\raw\Audio_Speech_Actors_01-24\Actor_17\03-01-07-02-01-02-17.wav,03-01-07-02-01-02-17.wav,03,audio_only,01,speech,07,disgust,02,strong,01,kids_are_talking_by_the_door,2,17,male
clip_00980,data\raw\Audio_Speech_Actors_01-24\Actor_17\03-01-07-01-02-01-17.wav,03-01-07-01-02-01-17.wav,03,audio_only,01,speech,07,disgust,01,normal,02,dogs_are_sitting_by_the_door,1,17,male
clip_00981,data\raw\Audio_Speech_Actors_01-24\Actor_17\03-01-07-02-02-01-17.wav,03-01-07-02-02-01-17.wav,03,audio_only,01,speech,07,disgust,02,strong,02,dogs_are_sitting_by_the_door,1,17,male
clip_00982,data\raw\Audio_Speech_Actors_01-24\Actor_17\03-01-07-01-02-02-17.wav,03-01-07-01-02-02-17.wav,03,audio_only,01,speech,07,disgust,01,normal,02,dogs_are_sitting_by_the_door,2,17,male
clip_00983,data\raw\Audio_Speech_Actors_01-24\Actor_17\03-01-07-02-02-02-17.wav,03-01-07-02-02-02-17.wav,03,audio_only,01,speech,07,disgust,02,strong,02,dogs_are_sitting_by_the_door,2,17,male
clip_00984,data\raw\Audio_Speech_Actors_01-24\Actor_17\03-01-06-01-01-01-17.wav,03-01-06-01-01-01-17.wav,03,audio_only,01,speech,06,fearful,01,normal,01,kids_are_talking_by_the_door,1,17,male
clip_00985,data\raw\Audio_Speech_Actors_01-24\Actor_17\03-01-06-02-01-01-17.wav,03-01-06-02-01-01-17.wav,03,audio_only,01,speech,06,fearful,02,strong,01,kids_are_talking_by_the_door,1,17,male
clip_00986,data\raw\Audio_Speech_Actors_01-24\Actor_17\03-01-06-01-01-02-17.wav,03-01-06-01-01-02-17.wav,03,audio_only,01,speech,06,fearful,01,normal,01,kids_are_talking_by_the_door,2,17,male
clip_00987,data\raw\Audio_Speech_Actors_01-24\Actor_17\03-01-06-02-01-02-17.wav,03-01-06-02-01-02-17.wav,03,audio_only,01,speech,06,fearful,02,strong,01,kids_are_talking_by_the_door,2,17,male
clip_00988,data\raw\Audio_Speech_Actors_01-24\Actor_17\03-01-06-01-02-01-17.wav,03-01-06-01-02-01-17.wav,03,audio_only,01,speech,06,fearful,01,normal,02,dogs_are_sitting_by_the_door,1,17,male
clip_00989,data\raw\Audio_Speech_Actors_01-24\Actor_17\03-01-06-02-02-01-17.wav,03-01-06-02-02-01-17.wav,03,audio_only,01,speech,06,fearful,02,strong,02,dogs_are_sitting_by_the_door,1,17,male
clip_00990,data\raw\Audio_Speech_Actors_01-24\Actor_17\03-01-06-01-02-02-17.wav,03-01-06-01-02-02-17.wav,03,audio_only,01,speech,06,fearful,01,normal,02,dogs_are_sitting_by_the_door,2,17,male
clip_00991,data\raw\Audio_Speech_Actors_01-24\Actor_17\03-01-06-02-02-02-17.wav,03-01-06-02-02-02-17.wav,03,audio_only,01,speech,06,fearful,02,strong,02,dogs_are_sitting_by_the_door,2,17,male
clip_00992,data\raw\Audio_Speech_Actors_01-24\Actor_17\03-01-03-01-01-01-17.wav,03-01-03-01-01-01-17.wav,03,audio_only,01,speech,03,happy,01,normal,01,kids_are_talking_by_the_door,1,17,male
clip_00993,data\raw\Audio_Speech_Actors_01-24\Actor_17\03-01-03-02-01-01-17.wav,03-01-03-02-01-01-17.wav,03,audio_only,01,speech,03,happy,02,strong,01,kids_are_talking_by_the_door,1,17,male
clip_00994,data\raw\Audio_Speech_Actors_01-24\Actor_17\03-01-03-01-01-02-17.wav,03-01-03-01-01-02-17.wav,03,audio_only,01,speech,03,happy,01,normal,01,kids_are_talking_by_the_door,2,17,male
clip_00995,data\raw\Audio_Speech_Actors_01-24\Actor_17\03-01-03-02-01-02-17.wav,03-01-03-02-01-02-17.wav,03,audio_only,01,speech,03,happy,02,strong,01,kids_are_talking_by_the_door,2,17,male
clip_00996,data\raw\Audio_Speech_Actors_01-24\Actor_17\03-01-03-01-02-01-17.wav,03-01-03-01-02-01-17.wav,03,audio_only,01,speech,03,happy,01,normal,02,dogs_are_sitting_by_the_door,1,17,male
clip_00997,data\raw\Audio_Speech_Actors_01-24\Actor_17\03-01-03-02-02-01-17.wav,03-01-03-02-02-01-17.wav,03,audio_only,01,speech,03,happy,02,strong,02,dogs_are_sitting_by_the_door,1,17,male
clip_00998,data\raw\Audio_Speech_Actors_01-24\Actor_17\03-01-03-01-02-02-17.wav,03-01-03-01-02-02-17.wav,03,audio_only,01,speech,03,happy,01,normal,02,dogs_are_sitting_by_the_door,2,17,male
clip_00999,data\raw\Audio_Speech_Actors_01-24\Actor_17\03-01-03-02-02-02-17.wav,03-01-03-02-02-02-17.wav,03,audio_only,01,speech,03,happy,02,strong,02,dogs_are_sitting_by_the_door,2,17,male
clip_01000,data\raw\Audio_Speech_Actors_01-24\Actor_17\03-01-01-01-01-01-17.wav,03-01-01-01-01-01-17.wav,03,audio_only,01,speech,01,neutral,01,normal,01,kids_are_talking_by_the_door,1,17,male
clip_01001,data\raw\Audio_Speech_Actors_01-24\Actor_17\03-01-01-01-01-02-17.wav,03-01-01-01-01-02-17.wav,03,audio_only,01,speech,01,neutral,01,normal,01,kids_are_talking_by_the_door,2,17,male
clip_01002,data\raw\Audio_Speech_Actors_01-24\Actor_17\03-01-01-01-02-01-17.wav,03-01-01-01-02-01-17.wav,03,audio_only,01,speech,01,neutral,01,normal,02,dogs_are_sitting_by_the_door,1,17,male
clip_01003,data\raw\Audio_Speech_Actors_01-24\Actor_17\03-01-01-01-02-02-17.wav,03-01-01-01-02-02-17.wav,03,audio_only,01,speech,01,neutral,01,normal,02,dogs_are_sitting_by_the_door,2,17,male
clip_01004,data\raw\Audio_Speech_Actors_01-24\Actor_17\03-01-04-01-01-01-17.wav,03-01-04-01-01-01-17.wav,03,audio_only,01,speech,04,sad,01,normal,01,kids_are_talking_by_the_door,1,17,male
clip_01005,data\raw\Audio_Speech_Actors_01-24\Actor_17\03-01-04-02-01-01-17.wav,03-01-04-02-01-01-17.wav,03,audio_only,01,speech,04,sad,02,strong,01,kids_are_talking_by_the_door,1,17,male
clip_01006,data\raw\Audio_Speech_Actors_01-24\Actor_17\03-01-04-01-01-02-17.wav,03-01-04-01-01-02-17.wav,03,audio_only,01,speech,04,sad,01,normal,01,kids_are_talking_by_the_door,2,17,male
clip_01007,data\raw\Audio_Speech_Actors_01-24\Actor_17\03-01-04-02-01-02-17.wav,03-01-04-02-01-02-17.wav,03,audio_only,01,speech,04,sad,02,strong,01,kids_are_talking_by_the_door,2,17,male
clip_01008,data\raw\Audio_Speech_Actors_01-24\Actor_17\03-01-04-01-02-01-17.wav,03-01-04-01-02-01-17.wav,03,audio_only,01,speech,04,sad,01,normal,02,dogs_are_sitting_by_the_door,1,17,male
clip_01009,data\raw\Audio_Speech_Actors_01-24\Actor_17\03-01-04-02-02-01-17.wav,03-01-04-02-02-01-17.wav,03,audio_only,01,speech,04,sad,02,strong,02,dogs_are_sitting_by_the_door,1,17,male
clip_01010,data\raw\Audio_Speech_Actors_01-24\Actor_17\03-01-04-01-02-02-17.wav,03-01-04-01-02-02-17.wav,03,audio_only,01,speech,04,sad,01,normal,02,dogs_are_sitting_by_the_door,2,17,male
clip_01011,data\raw\Audio_Speech_Actors_01-24\Actor_17\03-01-04-02-02-02-17.wav,03-01-04-02-02-02-17.wav,03,audio_only,01,speech,04,sad,02,strong,02,dogs_are_sitting_by_the_door,2,17,male
clip_01012,data\raw\Audio_Speech_Actors_01-24\Actor_17\03-01-08-01-01-01-17.wav,03-01-08-01-01-01-17.wav,03,audio_only,01,speech,08,surprised,01,normal,01,kids_are_talking_by_the_door,1,17,male
clip_01013,data\raw\Audio_Speech_Actors_01-24\Actor_17\03-01-08-02-01-01-17.wav,03-01-08-02-01-01-17.wav,03,audio_only,01,speech,08,surprised,02,strong,01,kids_are_talking_by_the_door,1,17,male
clip_01014,data\raw\Audio_Speech_Actors_01-24\Actor_17\03-01-08-01-01-02-17.wav,03-01-08-01-01-02-17.wav,03,audio_only,01,speech,08,surprised,01,normal,01,kids_are_talking_by_the_door,2,17,male
clip_01015,data\raw\Audio_Speech_Actors_01-24\Actor_17\03-01-08-02-01-02-17.wav,03-01-08-02-01-02-17.wav,03,audio_only,01,speech,08,surprised,02,strong,01,kids_are_talking_by_the_door,2,17,male
clip_01016,data\raw\Audio_Speech_Actors_01-24\Actor_17\03-01-08-01-02-01-17.wav,03-01-08-01-02-01-17.wav,03,audio_only,01,speech,08,surprised,01,normal,02,dogs_are_sitting_by_the_door,1,17,male
clip_01017,data\raw\Audio_Speech_Actors_01-24\Actor_17\03-01-08-02-02-01-17.wav,03-01-08-02-02-01-17.wav,03,audio_only,01,speech,08,surprised,02,strong,02,dogs_are_sitting_by_the_door,1,17,male
clip_01018,data\raw\Audio_Speech_Actors_01-24\Actor_17\03-01-08-01-02-02-17.wav,03-01-08-01-02-02-17.wav,03,audio_only,01,speech,08,surprised,01,normal,02,dogs_are_sitting_by_the_door,2,17,male
clip_01019,data\raw\Audio_Speech_Actors_01-24\Actor_17\03-01-08-02-02-02-17.wav,03-01-08-02-02-02-17.wav,03,audio_only,01,speech,08,surprised,02,strong,02,dogs_are_sitting_by_the_door,2,17,male
clip_01020,data\raw\Audio_Speech_Actors_01-24\Actor_18\03-01-05-01-01-01-18.wav,03-01-05-01-01-01-18.wav,03,audio_only,01,speech,05,angry,01,normal,01,kids_are_talking_by_the_door,1,18,female
clip_01021,data\raw\Audio_Speech_Actors_01-24\Actor_18\03-01-05-02-01-01-18.wav,03-01-05-02-01-01-18.wav,03,audio_only,01,speech,05,angry,02,strong,01,kids_are_talking_by_the_door,1,18,female
clip_01022,data\raw\Audio_Speech_Actors_01-24\Actor_18\03-01-05-01-01-02-18.wav,03-01-05-01-01-02-18.wav,03,audio_only,01,speech,05,angry,01,normal,01,kids_are_talking_by_the_door,2,18,female
clip_01023,data\raw\Audio_Speech_Actors_01-24\Actor_18\03-01-05-02-01-02-18.wav,03-01-05-02-01-02-18.wav,03,audio_only,01,speech,05,angry,02,strong,01,kids_are_talking_by_the_door,2,18,female
clip_01024,data\raw\Audio_Speech_Actors_01-24\Actor_18\03-01-05-01-02-01-18.wav,03-01-05-01-02-01-18.wav,03,audio_only,01,speech,05,angry,01,normal,02,dogs_are_sitting_by_the_door,1,18,female
clip_01025,data\raw\Audio_Speech_Actors_01-24\Actor_18\03-01-05-02-02-01-18.wav,03-01-05-02-02-01-18.wav,03,audio_only,01,speech,05,angry,02,strong,02,dogs_are_sitting_by_the_door,1,18,female
clip_01026,data\raw\Audio_Speech_Actors_01-24\Actor_18\03-01-05-01-02-02-18.wav,03-01-05-01-02-02-18.wav,03,audio_only,01,speech,05,angry,01,normal,02,dogs_are_sitting_by_the_door,2,18,female
clip_01027,data\raw\Audio_Speech_Actors_01-24\Actor_18\03-01-05-02-02-02-18.wav,03-01-05-02-02-02-18.wav,03,audio_only,01,speech,05,angry,02,strong,02,dogs_are_sitting_by_the_door,2,18,female
clip_01028,data\raw\Audio_Speech_Actors_01-24\Actor_18\03-01-02-01-01-01-18.wav,03-01-02-01-01-01-18.wav,03,audio_only,01,speech,02,calm,01,normal,01,kids_are_talking_by_the_door,1,18,female
clip_01029,data\raw\Audio_Speech_Actors_01-24\Actor_18\03-01-02-02-01-01-18.wav,03-01-02-02-01-01-18.wav,03,audio_only,01,speech,02,calm,02,strong,01,kids_are_talking_by_the_door,1,18,female
clip_01030,data\raw\Audio_Speech_Actors_01-24\Actor_18\03-01-02-01-01-02-18.wav,03-01-02-01-01-02-18.wav,03,audio_only,01,speech,02,calm,01,normal,01,kids_are_talking_by_the_door,2,18,female
clip_01031,data\raw\Audio_Speech_Actors_01-24\Actor_18\03-01-02-02-01-02-18.wav,03-01-02-02-01-02-18.wav,03,audio_only,01,speech,02,calm,02,strong,01,kids_are_talking_by_the_door,2,18,female
clip_01032,data\raw\Audio_Speech_Actors_01-24\Actor_18\03-01-02-01-02-01-18.wav,03-01-02-01-02-01-18.wav,03,audio_only,01,speech,02,calm,01,normal,02,dogs_are_sitting_by_the_door,1,18,female
clip_01033,data\raw\Audio_Speech_Actors_01-24\Actor_18\03-01-02-02-02-01-18.wav,03-01-02-02-02-01-18.wav,03,audio_only,01,speech,02,calm,02,strong,02,dogs_are_sitting_by_the_door,1,18,female
clip_01034,data\raw\Audio_Speech_Actors_01-24\Actor_18\03-01-02-01-02-02-18.wav,03-01-02-01-02-02-18.wav,03,audio_only,01,speech,02,calm,01,normal,02,dogs_are_sitting_by_the_door,2,18,female
clip_01035,data\raw\Audio_Speech_Actors_01-24\Actor_18\03-01-02-02-02-02-18.wav,03-01-02-02-02-02-18.wav,03,audio_only,01,speech,02,calm,02,strong,02,dogs_are_sitting_by_the_door,2,18,female
clip_01036,data\raw\Audio_Speech_Actors_01-24\Actor_18\03-01-07-01-01-01-18.wav,03-01-07-01-01-01-18.wav,03,audio_only,01,speech,07,disgust,01,normal,01,kids_are_talking_by_the_door,1,18,female
clip_01037,data\raw\Audio_Speech_Actors_01-24\Actor_18\03-01-07-02-01-01-18.wav,03-01-07-02-01-01-18.wav,03,audio_only,01,speech,07,disgust,02,strong,01,kids_are_talking_by_the_door,1,18,female
clip_01038,data\raw\Audio_Speech_Actors_01-24\Actor_18\03-01-07-01-01-02-18.wav,03-01-07-01-01-02-18.wav,03,audio_only,01,speech,07,disgust,01,normal,01,kids_are_talking_by_the_door,2,18,female
clip_01039,data\raw\Audio_Speech_Actors_01-24\Actor_18\03-01-07-02-01-02-18.wav,03-01-07-02-01-02-18.wav,03,audio_only,01,speech,07,disgust,02,strong,01,kids_are_talking_by_the_door,2,18,female
clip_01040,data\raw\Audio_Speech_Actors_01-24\Actor_18\03-01-07-01-02-01-18.wav,03-01-07-01-02-01-18.wav,03,audio_only,01,speech,07,disgust,01,normal,02,dogs_are_sitting_by_the_door,1,18,female
clip_01041,data\raw\Audio_Speech_Actors_01-24\Actor_18\03-01-07-02-02-01-18.wav,03-01-07-02-02-01-18.wav,03,audio_only,01,speech,07,disgust,02,strong,02,dogs_are_sitting_by_the_door,1,18,female
clip_01042,data\raw\Audio_Speech_Actors_01-24\Actor_18\03-01-07-01-02-02-18.wav,03-01-07-01-02-02-18.wav,03,audio_only,01,speech,07,disgust,01,normal,02,dogs_are_sitting_by_the_door,2,18,female
clip_01043,data\raw\Audio_Speech_Actors_01-24\Actor_18\03-01-07-02-02-02-18.wav,03-01-07-02-02-02-18.wav,03,audio_only,01,speech,07,disgust,02,strong,02,dogs_are_sitting_by_the_door,2,18,female
clip_01044,data\raw\Audio_Speech_Actors_01-24\Actor_18\03-01-06-01-01-01-18.wav,03-01-06-01-01-01-18.wav,03,audio_only,01,speech,06,fearful,01,normal,01,kids_are_talking_by_the_door,1,18,female
clip_01045,data\raw\Audio_Speech_Actors_01-24\Actor_18\03-01-06-02-01-01-18.wav,03-01-06-02-01-01-18.wav,03,audio_only,01,speech,06,fearful,02,strong,01,kids_are_talking_by_the_door,1,18,female
clip_01046,data\raw\Audio_Speech_Actors_01-24\Actor_18\03-01-06-01-01-02-18.wav,03-01-06-01-01-02-18.wav,03,audio_only,01,speech,06,fearful,01,normal,01,kids_are_talking_by_the_door,2,18,female
clip_01047,data\raw\Audio_Speech_Actors_01-24\Actor_18\03-01-06-02-01-02-18.wav,03-01-06-02-01-02-18.wav,03,audio_only,01,speech,06,fearful,02,strong,01,kids_are_talking_by_the_door,2,18,female
clip_01048,data\raw\Audio_Speech_Actors_01-24\Actor_18\03-01-06-01-02-01-18.wav,03-01-06-01-02-01-18.wav,03,audio_only,01,speech,06,fearful,01,normal,02,dogs_are_sitting_by_the_door,1,18,female
clip_01049,data\raw\Audio_Speech_Actors_01-24\Actor_18\03-01-06-02-02-01-18.wav,03-01-06-02-02-01-18.wav,03,audio_only,01,speech,06,fearful,02,strong,02,dogs_are_sitting_by_the_door,1,18,female
clip_01050,data\raw\Audio_Speech_Actors_01-24\Actor_18\03-01-06-01-02-02-18.wav,03-01-06-01-02-02-18.wav,03,audio_only,01,speech,06,fearful,01,normal,02,dogs_are_sitting_by_the_door,2,18,female
clip_01051,data\raw\Audio_Speech_Actors_01-24\Actor_18\03-01-06-02-02-02-18.wav,03-01-06-02-02-02-18.wav,03,audio_only,01,speech,06,fearful,02,strong,02,dogs_are_sitting_by_the_door,2,18,female
clip_01052,data\raw\Audio_Speech_Actors_01-24\Actor_18\03-01-03-01-01-01-18.wav,03-01-03-01-01-01-18.wav,03,audio_only,01,speech,03,happy,01,normal,01,kids_are_talking_by_the_door,1,18,female
clip_01053,data\raw\Audio_Speech_Actors_01-24\Actor_18\03-01-03-02-01-01-18.wav,03-01-03-02-01-01-18.wav,03,audio_only,01,speech,03,happy,02,strong,01,kids_are_talking_by_the_door,1,18,female
clip_01054,data\raw\Audio_Speech_Actors_01-24\Actor_18\03-01-03-01-01-02-18.wav,03-01-03-01-01-02-18.wav,03,audio_only,01,speech,03,happy,01,normal,01,kids_are_talking_by_the_door,2,18,female
clip_01055,data\raw\Audio_Speech_Actors_01-24\Actor_18\03-01-03-02-01-02-18.wav,03-01-03-02-01-02-18.wav,03,audio_only,01,speech,03,happy,02,strong,01,kids_are_talking_by_the_door,2,18,female
clip_01056,data\raw\Audio_Speech_Actors_01-24\Actor_18\03-01-03-01-02-01-18.wav,03-01-03-01-02-01-18.wav,03,audio_only,01,speech,03,happy,01,normal,02,dogs_are_sitting_by_the_door,1,18,female
clip_01057,data\raw\Audio_Speech_Actors_01-24\Actor_18\03-01-03-02-02-01-18.wav,03-01-03-02-02-01-18.wav,03,audio_only,01,speech,03,happy,02,strong,02,dogs_are_sitting_by_the_door,1,18,female
clip_01058,data\raw\Audio_Speech_Actors_01-24\Actor_18\03-01-03-01-02-02-18.wav,03-01-03-01-02-02-18.wav,03,audio_only,01,speech,03,happy,01,normal,02,dogs_are_sitting_by_the_door,2,18,female
clip_01059,data\raw\Audio_Speech_Actors_01-24\Actor_18\03-01-03-02-02-02-18.wav,03-01-03-02-02-02-18.wav,03,audio_only,01,speech,03,happy,02,strong,02,dogs_are_sitting_by_the_door,2,18,female
clip_01060,data\raw\Audio_Speech_Actors_01-24\Actor_18\03-01-01-01-01-01-18.wav,03-01-01-01-01-01-18.wav,03,audio_only,01,speech,01,neutral,01,normal,01,kids_are_talking_by_the_door,1,18,female
clip_01061,data\raw\Audio_Speech_Actors_01-24\Actor_18\03-01-01-01-01-02-18.wav,03-01-01-01-01-02-18.wav,03,audio_only,01,speech,01,neutral,01,normal,01,kids_are_talking_by_the_door,2,18,female
clip_01062,data\raw\Audio_Speech_Actors_01-24\Actor_18\03-01-01-01-02-01-18.wav,03-01-01-01-02-01-18.wav,03,audio_only,01,speech,01,neutral,01,normal,02,dogs_are_sitting_by_the_door,1,18,female
clip_01063,data\raw\Audio_Speech_Actors_01-24\Actor_18\03-01-01-01-02-02-18.wav,03-01-01-01-02-02-18.wav,03,audio_only,01,speech,01,neutral,01,normal,02,dogs_are_sitting_by_the_door,2,18,female
clip_01064,data\raw\Audio_Speech_Actors_01-24\Actor_18\03-01-04-01-01-01-18.wav,03-01-04-01-01-01-18.wav,03,audio_only,01,speech,04,sad,01,normal,01,kids_are_talking_by_the_door,1,18,female
clip_01065,data\raw\Audio_Speech_Actors_01-24\Actor_18\03-01-04-02-01-01-18.wav,03-01-04-02-01-01-18.wav,03,audio_only,01,speech,04,sad,02,strong,01,kids_are_talking_by_the_door,1,18,female
clip_01066,data\raw\Audio_Speech_Actors_01-24\Actor_18\03-01-04-01-01-02-18.wav,03-01-04-01-01-02-18.wav,03,audio_only,01,speech,04,sad,01,normal,01,kids_are_talking_by_the_door,2,18,female
clip_01067,data\raw\Audio_Speech_Actors_01-24\Actor_18\03-01-04-02-01-02-18.wav,03-01-04-02-01-02-18.wav,03,audio_only,01,speech,04,sad,02,strong,01,kids_are_talking_by_the_door,2,18,female
clip_01068,data\raw\Audio_Speech_Actors_01-24\Actor_18\03-01-04-01-02-01-18.wav,03-01-04-01-02-01-18.wav,03,audio_only,01,speech,04,sad,01,normal,02,dogs_are_sitting_by_the_door,1,18,female
clip_01069,data\raw\Audio_Speech_Actors_01-24\Actor_18\03-01-04-02-02-01-18.wav,03-01-04-02-02-01-18.wav,03,audio_only,01,speech,04,sad,02,strong,02,dogs_are_sitting_by_the_door,1,18,female
clip_01070,data\raw\Audio_Speech_Actors_01-24\Actor_18\03-01-04-01-02-02-18.wav,03-01-04-01-02-02-18.wav,03,audio_only,01,speech,04,sad,01,normal,02,dogs_are_sitting_by_the_door,2,18,female
clip_01071,data\raw\Audio_Speech_Actors_01-24\Actor_18\03-01-04-02-02-02-18.wav,03-01-04-02-02-02-18.wav,03,audio_only,01,speech,04,sad,02,strong,02,dogs_are_sitting_by_the_door,2,18,female
clip_01072,data\raw\Audio_Speech_Actors_01-24\Actor_18\03-01-08-01-01-01-18.wav,03-01-08-01-01-01-18.wav,03,audio_only,01,speech,08,surprised,01,normal,01,kids_are_talking_by_the_door,1,18,female
clip_01073,data\raw\Audio_Speech_Actors_01-24\Actor_18\03-01-08-02-01-01-18.wav,03-01-08-02-01-01-18.wav,03,audio_only,01,speech,08,surprised,02,strong,01,kids_are_talking_by_the_door,1,18,female
clip_01074,data\raw\Audio_Speech_Actors_01-24\Actor_18\03-01-08-01-01-02-18.wav,03-01-08-01-01-02-18.wav,03,audio_only,01,speech,08,surprised,01,normal,01,kids_are_talking_by_the_door,2,18,female
clip_01075,data\raw\Audio_Speech_Actors_01-24\Actor_18\03-01-08-02-01-02-18.wav,03-01-08-02-01-02-18.wav,03,audio_only,01,speech,08,surprised,02,strong,01,kids_are_talking_by_the_door,2,18,female
clip_01076,data\raw\Audio_Speech_Actors_01-24\Actor_18\03-01-08-01-02-01-18.wav,03-01-08-01-02-01-18.wav,03,audio_only,01,speech,08,surprised,01,normal,02,dogs_are_sitting_by_the_door,1,18,female
clip_01077,data\raw\Audio_Speech_Actors_01-24\Actor_18\03-01-08-02-02-01-18.wav,03-01-08-02-02-01-18.wav,03,audio_only,01,speech,08,surprised,02,strong,02,dogs_are_sitting_by_the_door,1,18,female
clip_01078,data\raw\Audio_Speech_Actors_01-24\Actor_18\03-01-08-01-02-02-18.wav,03-01-08-01-02-02-18.wav,03,audio_only,01,speech,08,surprised,01,normal,02,dogs_are_sitting_by_the_door,2,18,female
clip_01079,data\raw\Audio_Speech_Actors_01-24\Actor_18\03-01-08-02-02-02-18.wav,03-01-08-02-02-02-18.wav,03,audio_only,01,speech,08,surprised,02,strong,02,dogs_are_sitting_by_the_door,2,18,female
clip_01080,data\raw\Audio_Speech_Actors_01-24\Actor_19\03-01-05-01-01-01-19.wav,03-01-05-01-01-01-19.wav,03,audio_only,01,speech,05,angry,01,normal,01,kids_are_talking_by_the_door,1,19,male
clip_01081,data\raw\Audio_Speech_Actors_01-24\Actor_19\03-01-05-02-01-01-19.wav,03-01-05-02-01-01-19.wav,03,audio_only,01,speech,05,angry,02,strong,01,kids_are_talking_by_the_door,1,19,male
clip_01082,data\raw\Audio_Speech_Actors_01-24\Actor_19\03-01-05-01-01-02-19.wav,03-01-05-01-01-02-19.wav,03,audio_only,01,speech,05,angry,01,normal,01,kids_are_talking_by_the_door,2,19,male
clip_01083,data\raw\Audio_Speech_Actors_01-24\Actor_19\03-01-05-02-01-02-19.wav,03-01-05-02-01-02-19.wav,03,audio_only,01,speech,05,angry,02,strong,01,kids_are_talking_by_the_door,2,19,male
clip_01084,data\raw\Audio_Speech_Actors_01-24\Actor_19\03-01-05-01-02-01-19.wav,03-01-05-01-02-01-19.wav,03,audio_only,01,speech,05,angry,01,normal,02,dogs_are_sitting_by_the_door,1,19,male
clip_01085,data\raw\Audio_Speech_Actors_01-24\Actor_19\03-01-05-02-02-01-19.wav,03-01-05-02-02-01-19.wav,03,audio_only,01,speech,05,angry,02,strong,02,dogs_are_sitting_by_the_door,1,19,male
clip_01086,data\raw\Audio_Speech_Actors_01-24\Actor_19\03-01-05-01-02-02-19.wav,03-01-05-01-02-02-19.wav,03,audio_only,01,speech,05,angry,01,normal,02,dogs_are_sitting_by_the_door,2,19,male
clip_01087,data\raw\Audio_Speech_Actors_01-24\Actor_19\03-01-05-02-02-02-19.wav,03-01-05-02-02-02-19.wav,03,audio_only,01,speech,05,angry,02,strong,02,dogs_are_sitting_by_the_door,2,19,male
clip_01088,data\raw\Audio_Speech_Actors_01-24\Actor_19\03-01-02-01-01-01-19.wav,03-01-02-01-01-01-19.wav,03,audio_only,01,speech,02,calm,01,normal,01,kids_are_talking_by_the_door,1,19,male
clip_01089,data\raw\Audio_Speech_Actors_01-24\Actor_19\03-01-02-02-01-01-19.wav,03-01-02-02-01-01-19.wav,03,audio_only,01,speech,02,calm,02,strong,01,kids_are_talking_by_the_door,1,19,male
clip_01090,data\raw\Audio_Speech_Actors_01-24\Actor_19\03-01-02-01-01-02-19.wav,03-01-02-01-01-02-19.wav,03,audio_only,01,speech,02,calm,01,normal,01,kids_are_talking_by_the_door,2,19,male
clip_01091,data\raw\Audio_Speech_Actors_01-24\Actor_19\03-01-02-02-01-02-19.wav,03-01-02-02-01-02-19.wav,03,audio_only,01,speech,02,calm,02,strong,01,kids_are_talking_by_the_door,2,19,male
clip_01092,data\raw\Audio_Speech_Actors_01-24\Actor_19\03-01-02-01-02-01-19.wav,03-01-02-01-02-01-19.wav,03,audio_only,01,speech,02,calm,01,normal,02,dogs_are_sitting_by_the_door,1,19,male
clip_01093,data\raw\Audio_Speech_Actors_01-24\Actor_19\03-01-02-02-02-01-19.wav,03-01-02-02-02-01-19.wav,03,audio_only,01,speech,02,calm,02,strong,02,dogs_are_sitting_by_the_door,1,19,male
clip_01094,data\raw\Audio_Speech_Actors_01-24\Actor_19\03-01-02-01-02-02-19.wav,03-01-02-01-02-02-19.wav,03,audio_only,01,speech,02,calm,01,normal,02,dogs_are_sitting_by_the_door,2,19,male
clip_01095,data\raw\Audio_Speech_Actors_01-24\Actor_19\03-01-02-02-02-02-19.wav,03-01-02-02-02-02-19.wav,03,audio_only,01,speech,02,calm,02,strong,02,dogs_are_sitting_by_the_door,2,19,male
clip_01096,data\raw\Audio_Speech_Actors_01-24\Actor_19\03-01-07-01-01-01-19.wav,03-01-07-01-01-01-19.wav,03,audio_only,01,speech,07,disgust,01,normal,01,kids_are_talking_by_the_door,1,19,male
clip_01097,data\raw\Audio_Speech_Actors_01-24\Actor_19\03-01-07-02-01-01-19.wav,03-01-07-02-01-01-19.wav,03,audio_only,01,speech,07,disgust,02,strong,01,kids_are_talking_by_the_door,1,19,male
clip_01098,data\raw\Audio_Speech_Actors_01-24\Actor_19\03-01-07-01-01-02-19.wav,03-01-07-01-01-02-19.wav,03,audio_only,01,speech,07,disgust,01,normal,01,kids_are_talking_by_the_door,2,19,male
clip_01099,data\raw\Audio_Speech_Actors_01-24\Actor_19\03-01-07-02-01-02-19.wav,03-01-07-02-01-02-19.wav,03,audio_only,01,speech,07,disgust,02,strong,01,kids_are_talking_by_the_door,2,19,male
clip_01100,data\raw\Audio_Speech_Actors_01-24\Actor_19\03-01-07-01-02-01-19.wav,03-01-07-01-02-01-19.wav,03,audio_only,01,speech,07,disgust,01,normal,02,dogs_are_sitting_by_the_door,1,19,male
clip_01101,data\raw\Audio_Speech_Actors_01-24\Actor_19\03-01-07-02-02-01-19.wav,03-01-07-02-02-01-19.wav,03,audio_only,01,speech,07,disgust,02,strong,02,dogs_are_sitting_by_the_door,1,19,male
clip_01102,data\raw\Audio_Speech_Actors_01-24\Actor_19\03-01-07-01-02-02-19.wav,03-01-07-01-02-02-19.wav,03,audio_only,01,speech,07,disgust,01,normal,02,dogs_are_sitting_by_the_door,2,19,male
clip_01103,data\raw\Audio_Speech_Actors_01-24\Actor_19\03-01-07-02-02-02-19.wav,03-01-07-02-02-02-19.wav,03,audio_only,01,speech,07,disgust,02,strong,02,dogs_are_sitting_by_the_door,2,19,male
clip_01104,data\raw\Audio_Speech_Actors_01-24\Actor_19\03-01-06-01-01-01-19.wav,03-01-06-01-01-01-19.wav,03,audio_only,01,speech,06,fearful,01,normal,01,kids_are_talking_by_the_door,1,19,male
clip_01105,data\raw\Audio_Speech_Actors_01-24\Actor_19\03-01-06-02-01-01-19.wav,03-01-06-02-01-01-19.wav,03,audio_only,01,speech,06,fearful,02,strong,01,kids_are_talking_by_the_door,1,19,male
clip_01106,data\raw\Audio_Speech_Actors_01-24\Actor_19\03-01-06-01-01-02-19.wav,03-01-06-01-01-02-19.wav,03,audio_only,01,speech,06,fearful,01,normal,01,kids_are_talking_by_the_door,2,19,male
clip_01107,data\raw\Audio_Speech_Actors_01-24\Actor_19\03-01-06-02-01-02-19.wav,03-01-06-02-01-02-19.wav,03,audio_only,01,speech,06,fearful,02,strong,01,kids_are_talking_by_the_door,2,19,male
clip_01108,data\raw\Audio_Speech_Actors_01-24\Actor_19\03-01-06-01-02-01-19.wav,03-01-06-01-02-01-19.wav,03,audio_only,01,speech,06,fearful,01,normal,02,dogs_are_sitting_by_the_door,1,19,male
clip_01109,data\raw\Audio_Speech_Actors_01-24\Actor_19\03-01-06-02-02-01-19.wav,03-01-06-02-02-01-19.wav,03,audio_only,01,speech,06,fearful,02,strong,02,dogs_are_sitting_by_the_door,1,19,male
clip_01110,data\raw\Audio_Speech_Actors_01-24\Actor_19\03-01-06-01-02-02-19.wav,03-01-06-01-02-02-19.wav,03,audio_only,01,speech,06,fearful,01,normal,02,dogs_are_sitting_by_the_door,2,19,male
clip_01111,data\raw\Audio_Speech_Actors_01-24\Actor_19\03-01-06-02-02-02-19.wav,03-01-06-02-02-02-19.wav,03,audio_only,01,speech,06,fearful,02,strong,02,dogs_are_sitting_by_the_door,2,19,male
clip_01112,data\raw\Audio_Speech_Actors_01-24\Actor_19\03-01-03-01-01-01-19.wav,03-01-03-01-01-01-19.wav,03,audio_only,01,speech,03,happy,01,normal,01,kids_are_talking_by_the_door,1,19,male
clip_01113,data\raw\Audio_Speech_Actors_01-24\Actor_19\03-01-03-02-01-01-19.wav,03-01-03-02-01-01-19.wav,03,audio_only,01,speech,03,happy,02,strong,01,kids_are_talking_by_the_door,1,19,male
clip_01114,data\raw\Audio_Speech_Actors_01-24\Actor_19\03-01-03-01-01-02-19.wav,03-01-03-01-01-02-19.wav,03,audio_only,01,speech,03,happy,01,normal,01,kids_are_talking_by_the_door,2,19,male
clip_01115,data\raw\Audio_Speech_Actors_01-24\Actor_19\03-01-03-02-01-02-19.wav,03-01-03-02-01-02-19.wav,03,audio_only,01,speech,03,happy,02,strong,01,kids_are_talking_by_the_door,2,19,male
clip_01116,data\raw\Audio_Speech_Actors_01-24\Actor_19\03-01-03-01-02-01-19.wav,03-01-03-01-02-01-19.wav,03,audio_only,01,speech,03,happy,01,normal,02,dogs_are_sitting_by_the_door,1,19,male
clip_01117,data\raw\Audio_Speech_Actors_01-24\Actor_19\03-01-03-02-02-01-19.wav,03-01-03-02-02-01-19.wav,03,audio_only,01,speech,03,happy,02,strong,02,dogs_are_sitting_by_the_door,1,19,male
clip_01118,data\raw\Audio_Speech_Actors_01-24\Actor_19\03-01-03-01-02-02-19.wav,03-01-03-01-02-02-19.wav,03,audio_only,01,speech,03,happy,01,normal,02,dogs_are_sitting_by_the_door,2,19,male
clip_01119,data\raw\Audio_Speech_Actors_01-24\Actor_19\03-01-03-02-02-02-19.wav,03-01-03-02-02-02-19.wav,03,audio_only,01,speech,03,happy,02,strong,02,dogs_are_sitting_by_the_door,2,19,male
clip_01120,data\raw\Audio_Speech_Actors_01-24\Actor_19\03-01-01-01-01-01-19.wav,03-01-01-01-01-01-19.wav,03,audio_only,01,speech,01,neutral,01,normal,01,kids_are_talking_by_the_door,1,19,male
clip_01121,data\raw\Audio_Speech_Actors_01-24\Actor_19\03-01-01-01-01-02-19.wav,03-01-01-01-01-02-19.wav,03,audio_only,01,speech,01,neutral,01,normal,01,kids_are_talking_by_the_door,2,19,male
clip_01122,data\raw\Audio_Speech_Actors_01-24\Actor_19\03-01-01-01-02-01-19.wav,03-01-01-01-02-01-19.wav,03,audio_only,01,speech,01,neutral,01,normal,02,dogs_are_sitting_by_the_door,1,19,male
clip_01123,data\raw\Audio_Speech_Actors_01-24\Actor_19\03-01-01-01-02-02-19.wav,03-01-01-01-02-02-19.wav,03,audio_only,01,speech,01,neutral,01,normal,02,dogs_are_sitting_by_the_door,2,19,male
clip_01124,data\raw\Audio_Speech_Actors_01-24\Actor_19\03-01-04-01-01-01-19.wav,03-01-04-01-01-01-19.wav,03,audio_only,01,speech,04,sad,01,normal,01,kids_are_talking_by_the_door,1,19,male
clip_01125,data\raw\Audio_Speech_Actors_01-24\Actor_19\03-01-04-02-01-01-19.wav,03-01-04-02-01-01-19.wav,03,audio_only,01,speech,04,sad,02,strong,01,kids_are_talking_by_the_door,1,19,male
clip_01126,data\raw\Audio_Speech_Actors_01-24\Actor_19\03-01-04-01-01-02-19.wav,03-01-04-01-01-02-19.wav,03,audio_only,01,speech,04,sad,01,normal,01,kids_are_talking_by_the_door,2,19,male
clip_01127,data\raw\Audio_Speech_Actors_01-24\Actor_19\03-01-04-02-01-02-19.wav,03-01-04-02-01-02-19.wav,03,audio_only,01,speech,04,sad,02,strong,01,kids_are_talking_by_the_door,2,19,male
clip_01128,data\raw\Audio_Speech_Actors_01-24\Actor_19\03-01-04-01-02-01-19.wav,03-01-04-01-02-01-19.wav,03,audio_only,01,speech,04,sad,01,normal,02,dogs_are_sitting_by_the_door,1,19,male
clip_01129,data\raw\Audio_Speech_Actors_01-24\Actor_19\03-01-04-02-02-01-19.wav,03-01-04-02-02-01-19.wav,03,audio_only,01,speech,04,sad,02,strong,02,dogs_are_sitting_by_the_door,1,19,male
clip_01130,data\raw\Audio_Speech_Actors_01-24\Actor_19\03-01-04-01-02-02-19.wav,03-01-04-01-02-02-19.wav,03,audio_only,01,speech,04,sad,01,normal,02,dogs_are_sitting_by_the_door,2,19,male
clip_01131,data\raw\Audio_Speech_Actors_01-24\Actor_19\03-01-04-02-02-02-19.wav,03-01-04-02-02-02-19.wav,03,audio_only,01,speech,04,sad,02,strong,02,dogs_are_sitting_by_the_door,2,19,male
clip_01132,data\raw\Audio_Speech_Actors_01-24\Actor_19\03-01-08-01-01-01-19.wav,03-01-08-01-01-01-19.wav,03,audio_only,01,speech,08,surprised,01,normal,01,kids_are_talking_by_the_door,1,19,male
clip_01133,data\raw\Audio_Speech_Actors_01-24\Actor_19\03-01-08-02-01-01-19.wav,03-01-08-02-01-01-19.wav,03,audio_only,01,speech,08,surprised,02,strong,01,kids_are_talking_by_the_door,1,19,male
clip_01134,data\raw\Audio_Speech_Actors_01-24\Actor_19\03-01-08-01-01-02-19.wav,03-01-08-01-01-02-19.wav,03,audio_only,01,speech,08,surprised,01,normal,01,kids_are_talking_by_the_door,2,19,male
clip_01135,data\raw\Audio_Speech_Actors_01-24\Actor_19\03-01-08-02-01-02-19.wav,03-01-08-02-01-02-19.wav,03,audio_only,01,speech,08,surprised,02,strong,01,kids_are_talking_by_the_door,2,19,male
clip_01136,data\raw\Audio_Speech_Actors_01-24\Actor_19\03-01-08-01-02-01-19.wav,03-01-08-01-02-01-19.wav,03,audio_only,01,speech,08,surprised,01,normal,02,dogs_are_sitting_by_the_door,1,19,male
clip_01137,data\raw\Audio_Speech_Actors_01-24\Actor_19\03-01-08-02-02-01-19.wav,03-01-08-02-02-01-19.wav,03,audio_only,01,speech,08,surprised,02,strong,02,dogs_are_sitting_by_the_door,1,19,male
clip_01138,data\raw\Audio_Speech_Actors_01-24\Actor_19\03-01-08-01-02-02-19.wav,03-01-08-01-02-02-19.wav,03,audio_only,01,speech,08,surprised,01,normal,02,dogs_are_sitting_by_the_door,2,19,male
clip_01139,data\raw\Audio_Speech_Actors_01-24\Actor_19\03-01-08-02-02-02-19.wav,03-01-08-02-02-02-19.wav,03,audio_only,01,speech,08,surprised,02,strong,02,dogs_are_sitting_by_the_door,2,19,male
clip_01140,data\raw\Audio_Speech_Actors_01-24\Actor_20\03-01-05-01-01-01-20.wav,03-01-05-01-01-01-20.wav,03,audio_only,01,speech,05,angry,01,normal,01,kids_are_talking_by_the_door,1,20,female
clip_01141,data\raw\Audio_Speech_Actors_01-24\Actor_20\03-01-05-02-01-01-20.wav,03-01-05-02-01-01-20.wav,03,audio_only,01,speech,05,angry,02,strong,01,kids_are_talking_by_the_door,1,20,female
clip_01142,data\raw\Audio_Speech_Actors_01-24\Actor_20\03-01-05-01-01-02-20.wav,03-01-05-01-01-02-20.wav,03,audio_only,01,speech,05,angry,01,normal,01,kids_are_talking_by_the_door,2,20,female
clip_01143,data\raw\Audio_Speech_Actors_01-24\Actor_20\03-01-05-02-01-02-20.wav,03-01-05-02-01-02-20.wav,03,audio_only,01,speech,05,angry,02,strong,01,kids_are_talking_by_the_door,2,20,female
clip_01144,data\raw\Audio_Speech_Actors_01-24\Actor_20\03-01-05-01-02-01-20.wav,03-01-05-01-02-01-20.wav,03,audio_only,01,speech,05,angry,01,normal,02,dogs_are_sitting_by_the_door,1,20,female
clip_01145,data\raw\Audio_Speech_Actors_01-24\Actor_20\03-01-05-02-02-01-20.wav,03-01-05-02-02-01-20.wav,03,audio_only,01,speech,05,angry,02,strong,02,dogs_are_sitting_by_the_door,1,20,female
clip_01146,data\raw\Audio_Speech_Actors_01-24\Actor_20\03-01-05-01-02-02-20.wav,03-01-05-01-02-02-20.wav,03,audio_only,01,speech,05,angry,01,normal,02,dogs_are_sitting_by_the_door,2,20,female
clip_01147,data\raw\Audio_Speech_Actors_01-24\Actor_20\03-01-05-02-02-02-20.wav,03-01-05-02-02-02-20.wav,03,audio_only,01,speech,05,angry,02,strong,02,dogs_are_sitting_by_the_door,2,20,female
clip_01148,data\raw\Audio_Speech_Actors_01-24\Actor_20\03-01-02-01-01-01-20.wav,03-01-02-01-01-01-20.wav,03,audio_only,01,speech,02,calm,01,normal,01,kids_are_talking_by_the_door,1,20,female
clip_01149,data\raw\Audio_Speech_Actors_01-24\Actor_20\03-01-02-02-01-01-20.wav,03-01-02-02-01-01-20.wav,03,audio_only,01,speech,02,calm,02,strong,01,kids_are_talking_by_the_door,1,20,female
clip_01150,data\raw\Audio_Speech_Actors_01-24\Actor_20\03-01-02-01-01-02-20.wav,03-01-02-01-01-02-20.wav,03,audio_only,01,speech,02,calm,01,normal,01,kids_are_talking_by_the_door,2,20,female
clip_01151,data\raw\Audio_Speech_Actors_01-24\Actor_20\03-01-02-02-01-02-20.wav,03-01-02-02-01-02-20.wav,03,audio_only,01,speech,02,calm,02,strong,01,kids_are_talking_by_the_door,2,20,female
clip_01152,data\raw\Audio_Speech_Actors_01-24\Actor_20\03-01-02-01-02-01-20.wav,03-01-02-01-02-01-20.wav,03,audio_only,01,speech,02,calm,01,normal,02,dogs_are_sitting_by_the_door,1,20,female
clip_01153,data\raw\Audio_Speech_Actors_01-24\Actor_20\03-01-02-02-02-01-20.wav,03-01-02-02-02-01-20.wav,03,audio_only,01,speech,02,calm,02,strong,02,dogs_are_sitting_by_the_door,1,20,female
clip_01154,data\raw\Audio_Speech_Actors_01-24\Actor_20\03-01-02-01-02-02-20.wav,03-01-02-01-02-02-20.wav,03,audio_only,01,speech,02,calm,01,normal,02,dogs_are_sitting_by_the_door,2,20,female
clip_01155,data\raw\Audio_Speech_Actors_01-24\Actor_20\03-01-02-02-02-02-20.wav,03-01-02-02-02-02-20.wav,03,audio_only,01,speech,02,calm,02,strong,02,dogs_are_sitting_by_the_door,2,20,female
clip_01156,data\raw\Audio_Speech_Actors_01-24\Actor_20\03-01-07-01-01-01-20.wav,03-01-07-01-01-01-20.wav,03,audio_only,01,speech,07,disgust,01,normal,01,kids_are_talking_by_the_door,1,20,female
clip_01157,data\raw\Audio_Speech_Actors_01-24\Actor_20\03-01-07-02-01-01-20.wav,03-01-07-02-01-01-20.wav,03,audio_only,01,speech,07,disgust,02,strong,01,kids_are_talking_by_the_door,1,20,female
clip_01158,data\raw\Audio_Speech_Actors_01-24\Actor_20\03-01-07-01-01-02-20.wav,03-01-07-01-01-02-20.wav,03,audio_only,01,speech,07,disgust,01,normal,01,kids_are_talking_by_the_door,2,20,female
clip_01159,data\raw\Audio_Speech_Actors_01-24\Actor_20\03-01-07-02-01-02-20.wav,03-01-07-02-01-02-20.wav,03,audio_only,01,speech,07,disgust,02,strong,01,kids_are_talking_by_the_door,2,20,female
clip_01160,data\raw\Audio_Speech_Actors_01-24\Actor_20\03-01-07-01-02-01-20.wav,03-01-07-01-02-01-20.wav,03,audio_only,01,speech,07,disgust,01,normal,02,dogs_are_sitting_by_the_door,1,20,female
clip_01161,data\raw\Audio_Speech_Actors_01-24\Actor_20\03-01-07-02-02-01-20.wav,03-01-07-02-02-01-20.wav,03,audio_only,01,speech,07,disgust,02,strong,02,dogs_are_sitting_by_the_door,1,20,female
clip_01162,data\raw\Audio_Speech_Actors_01-24\Actor_20\03-01-07-01-02-02-20.wav,03-01-07-01-02-02-20.wav,03,audio_only,01,speech,07,disgust,01,normal,02,dogs_are_sitting_by_the_door,2,20,female
clip_01163,data\raw\Audio_Speech_Actors_01-24\Actor_20\03-01-07-02-02-02-20.wav,03-01-07-02-02-02-20.wav,03,audio_only,01,speech,07,disgust,02,strong,02,dogs_are_sitting_by_the_door,2,20,female
clip_01164,data\raw\Audio_Speech_Actors_01-24\Actor_20\03-01-06-01-01-01-20.wav,03-01-06-01-01-01-20.wav,03,audio_only,01,speech,06,fearful,01,normal,01,kids_are_talking_by_the_door,1,20,female
clip_01165,data\raw\Audio_Speech_Actors_01-24\Actor_20\03-01-06-02-01-01-20.wav,03-01-06-02-01-01-20.wav,03,audio_only,01,speech,06,fearful,02,strong,01,kids_are_talking_by_the_door,1,20,female
clip_01166,data\raw\Audio_Speech_Actors_01-24\Actor_20\03-01-06-01-01-02-20.wav,03-01-06-01-01-02-20.wav,03,audio_only,01,speech,06,fearful,01,normal,01,kids_are_talking_by_the_door,2,20,female
clip_01167,data\raw\Audio_Speech_Actors_01-24\Actor_20\03-01-06-02-01-02-20.wav,03-01-06-02-01-02-20.wav,03,audio_only,01,speech,06,fearful,02,strong,01,kids_are_talking_by_the_door,2,20,female
clip_01168,data\raw\Audio_Speech_Actors_01-24\Actor_20\03-01-06-01-02-01-20.wav,03-01-06-01-02-01-20.wav,03,audio_only,01,speech,06,fearful,01,normal,02,dogs_are_sitting_by_the_door,1,20,female
clip_01169,data\raw\Audio_Speech_Actors_01-24\Actor_20\03-01-06-02-02-01-20.wav,03-01-06-02-02-01-20.wav,03,audio_only,01,speech,06,fearful,02,strong,02,dogs_are_sitting_by_the_door,1,20,female
clip_01170,data\raw\Audio_Speech_Actors_01-24\Actor_20\03-01-06-01-02-02-20.wav,03-01-06-01-02-02-20.wav,03,audio_only,01,speech,06,fearful,01,normal,02,dogs_are_sitting_by_the_door,2,20,female
clip_01171,data\raw\Audio_Speech_Actors_01-24\Actor_20\03-01-06-02-02-02-20.wav,03-01-06-02-02-02-20.wav,03,audio_only,01,speech,06,fearful,02,strong,02,dogs_are_sitting_by_the_door,2,20,female
clip_01172,data\raw\Audio_Speech_Actors_01-24\Actor_20\03-01-03-01-01-01-20.wav,03-01-03-01-01-01-20.wav,03,audio_only,01,speech,03,happy,01,normal,01,kids_are_talking_by_the_door,1,20,female
clip_01173,data\raw\Audio_Speech_Actors_01-24\Actor_20\03-01-03-02-01-01-20.wav,03-01-03-02-01-01-20.wav,03,audio_only,01,speech,03,happy,02,strong,01,kids_are_talking_by_the_door,1,20,female
clip_01174,data\raw\Audio_Speech_Actors_01-24\Actor_20\03-01-03-01-01-02-20.wav,03-01-03-01-01-02-20.wav,03,audio_only,01,speech,03,happy,01,normal,01,kids_are_talking_by_the_door,2,20,female
clip_01175,data\raw\Audio_Speech_Actors_01-24\Actor_20\03-01-03-02-01-02-20.wav,03-01-03-02-01-02-20.wav,03,audio_only,01,speech,03,happy,02,strong,01,kids_are_talking_by_the_door,2,20,female
clip_01176,data\raw\Audio_Speech_Actors_01-24\Actor_20\03-01-03-01-02-01-20.wav,03-01-03-01-02-01-20.wav,03,audio_only,01,speech,03,happy,01,normal,02,dogs_are_sitting_by_the_door,1,20,female
clip_01177,data\raw\Audio_Speech_Actors_01-24\Actor_20\03-01-03-02-02-01-20.wav,03-01-03-02-02-01-20.wav,03,audio_only,01,speech,03,happy,02,strong,02,dogs_are_sitting_by_the_door,1,20,female
clip_01178,data\raw\Audio_Speech_Actors_01-24\Actor_20\03-01-03-01-02-02-20.wav,03-01-03-01-02-02-20.wav,03,audio_only,01,speech,03,happy,01,normal,02,dogs_are_sitting_by_the_door,2,20,female
clip_01179,data\raw\Audio_Speech_Actors_01-24\Actor_20\03-01-03-02-02-02-20.wav,03-01-03-02-02-02-20.wav,03,audio_only,01,speech,03,happy,02,strong,02,dogs_are_sitting_by_the_door,2,20,female
clip_01180,data\raw\Audio_Speech_Actors_01-24\Actor_20\03-01-01-01-01-01-20.wav,03-01-01-01-01-01-20.wav,03,audio_only,01,speech,01,neutral,01,normal,01,kids_are_talking_by_the_door,1,20,female
clip_01181,data\raw\Audio_Speech_Actors_01-24\Actor_20\03-01-01-01-01-02-20.wav,03-01-01-01-01-02-20.wav,03,audio_only,01,speech,01,neutral,01,normal,01,kids_are_talking_by_the_door,2,20,female
clip_01182,data\raw\Audio_Speech_Actors_01-24\Actor_20\03-01-01-01-02-01-20.wav,03-01-01-01-02-01-20.wav,03,audio_only,01,speech,01,neutral,01,normal,02,dogs_are_sitting_by_the_door,1,20,female
clip_01183,data\raw\Audio_Speech_Actors_01-24\Actor_20\03-01-01-01-02-02-20.wav,03-01-01-01-02-02-20.wav,03,audio_only,01,speech,01,neutral,01,normal,02,dogs_are_sitting_by_the_door,2,20,female
clip_01184,data\raw\Audio_Speech_Actors_01-24\Actor_20\03-01-04-01-01-01-20.wav,03-01-04-01-01-01-20.wav,03,audio_only,01,speech,04,sad,01,normal,01,kids_are_talking_by_the_door,1,20,female
clip_01185,data\raw\Audio_Speech_Actors_01-24\Actor_20\03-01-04-02-01-01-20.wav,03-01-04-02-01-01-20.wav,03,audio_only,01,speech,04,sad,02,strong,01,kids_are_talking_by_the_door,1,20,female
clip_01186,data\raw\Audio_Speech_Actors_01-24\Actor_20\03-01-04-01-01-02-20.wav,03-01-04-01-01-02-20.wav,03,audio_only,01,speech,04,sad,01,normal,01,kids_are_talking_by_the_door,2,20,female
clip_01187,data\raw\Audio_Speech_Actors_01-24\Actor_20\03-01-04-02-01-02-20.wav,03-01-04-02-01-02-20.wav,03,audio_only,01,speech,04,sad,02,strong,01,kids_are_talking_by_the_door,2,20,female
clip_01188,data\raw\Audio_Speech_Actors_01-24\Actor_20\03-01-04-01-02-01-20.wav,03-01-04-01-02-01-20.wav,03,audio_only,01,speech,04,sad,01,normal,02,dogs_are_sitting_by_the_door,1,20,female
clip_01189,data\raw\Audio_Speech_Actors_01-24\Actor_20\03-01-04-02-02-01-20.wav,03-01-04-02-02-01-20.wav,03,audio_only,01,speech,04,sad,02,strong,02,dogs_are_sitting_by_the_door,1,20,female
clip_01190,data\raw\Audio_Speech_Actors_01-24\Actor_20\03-01-04-01-02-02-20.wav,03-01-04-01-02-02-20.wav,03,audio_only,01,speech,04,sad,01,normal,02,dogs_are_sitting_by_the_door,2,20,female
clip_01191,data\raw\Audio_Speech_Actors_01-24\Actor_20\03-01-04-02-02-02-20.wav,03-01-04-02-02-02-20.wav,03,audio_only,01,speech,04,sad,02,strong,02,dogs_are_sitting_by_the_door,2,20,female
clip_01192,data\raw\Audio_Speech_Actors_01-24\Actor_20\03-01-08-01-01-01-20.wav,03-01-08-01-01-01-20.wav,03,audio_only,01,speech,08,surprised,01,normal,01,kids_are_talking_by_the_door,1,20,female
clip_01193,data\raw\Audio_Speech_Actors_01-24\Actor_20\03-01-08-02-01-01-20.wav,03-01-08-02-01-01-20.wav,03,audio_only,01,speech,08,surprised,02,strong,01,kids_are_talking_by_the_door,1,20,female
clip_01194,data\raw\Audio_Speech_Actors_01-24\Actor_20\03-01-08-01-01-02-20.wav,03-01-08-01-01-02-20.wav,03,audio_only,01,speech,08,surprised,01,normal,01,kids_are_talking_by_the_door,2,20,female
clip_01195,data\raw\Audio_Speech_Actors_01-24\Actor_20\03-01-08-02-01-02-20.wav,03-01-08-02-01-02-20.wav,03,audio_only,01,speech,08,surprised,02,strong,01,kids_are_talking_by_the_door,2,20,female
clip_01196,data\raw\Audio_Speech_Actors_01-24\Actor_20\03-01-08-01-02-01-20.wav,03-01-08-01-02-01-20.wav,03,audio_only,01,speech,08,surprised,01,normal,02,dogs_are_sitting_by_the_door,1,20,female
clip_01197,data\raw\Audio_Speech_Actors_01-24\Actor_20\03-01-08-02-02-01-20.wav,03-01-08-02-02-01-20.wav,03,audio_only,01,speech,08,surprised,02,strong,02,dogs_are_sitting_by_the_door,1,20,female
clip_01198,data\raw\Audio_Speech_Actors_01-24\Actor_20\03-01-08-01-02-02-20.wav,03-01-08-01-02-02-20.wav,03,audio_only,01,speech,08,surprised,01,normal,02,dogs_are_sitting_by_the_door,2,20,female
clip_01199,data\raw\Audio_Speech_Actors_01-24\Actor_20\03-01-08-02-02-02-20.wav,03-01-08-02-02-02-20.wav,03,audio_only,01,speech,08,surprised,02,strong,02,dogs_are_sitting_by_the_door,2,20,female
clip_01200,data\raw\Audio_Speech_Actors_01-24\Actor_21\03-01-05-01-01-01-21.wav,03-01-05-01-01-01-21.wav,03,audio_only,01,speech,05,angry,01,normal,01,kids_are_talking_by_the_door,1,21,male
clip_01201,data\raw\Audio_Speech_Actors_01-24\Actor_21\03-01-05-02-01-01-21.wav,03-01-05-02-01-01-21.wav,03,audio_only,01,speech,05,angry,02,strong,01,kids_are_talking_by_the_door,1,21,male
clip_01202,data\raw\Audio_Speech_Actors_01-24\Actor_21\03-01-05-01-01-02-21.wav,03-01-05-01-01-02-21.wav,03,audio_only,01,speech,05,angry,01,normal,01,kids_are_talking_by_the_door,2,21,male
clip_01203,data\raw\Audio_Speech_Actors_01-24\Actor_21\03-01-05-02-01-02-21.wav,03-01-05-02-01-02-21.wav,03,audio_only,01,speech,05,angry,02,strong,01,kids_are_talking_by_the_door,2,21,male
clip_01204,data\raw\Audio_Speech_Actors_01-24\Actor_21\03-01-05-01-02-01-21.wav,03-01-05-01-02-01-21.wav,03,audio_only,01,speech,05,angry,01,normal,02,dogs_are_sitting_by_the_door,1,21,male
clip_01205,data\raw\Audio_Speech_Actors_01-24\Actor_21\03-01-05-02-02-01-21.wav,03-01-05-02-02-01-21.wav,03,audio_only,01,speech,05,angry,02,strong,02,dogs_are_sitting_by_the_door,1,21,male
clip_01206,data\raw\Audio_Speech_Actors_01-24\Actor_21\03-01-05-01-02-02-21.wav,03-01-05-01-02-02-21.wav,03,audio_only,01,speech,05,angry,01,normal,02,dogs_are_sitting_by_the_door,2,21,male
clip_01207,data\raw\Audio_Speech_Actors_01-24\Actor_21\03-01-05-02-02-02-21.wav,03-01-05-02-02-02-21.wav,03,audio_only,01,speech,05,angry,02,strong,02,dogs_are_sitting_by_the_door,2,21,male
clip_01208,data\raw\Audio_Speech_Actors_01-24\Actor_21\03-01-02-01-01-01-21.wav,03-01-02-01-01-01-21.wav,03,audio_only,01,speech,02,calm,01,normal,01,kids_are_talking_by_the_door,1,21,male
clip_01209,data\raw\Audio_Speech_Actors_01-24\Actor_21\03-01-02-02-01-01-21.wav,03-01-02-02-01-01-21.wav,03,audio_only,01,speech,02,calm,02,strong,01,kids_are_talking_by_the_door,1,21,male
clip_01210,data\raw\Audio_Speech_Actors_01-24\Actor_21\03-01-02-01-01-02-21.wav,03-01-02-01-01-02-21.wav,03,audio_only,01,speech,02,calm,01,normal,01,kids_are_talking_by_the_door,2,21,male
clip_01211,data\raw\Audio_Speech_Actors_01-24\Actor_21\03-01-02-02-01-02-21.wav,03-01-02-02-01-02-21.wav,03,audio_only,01,speech,02,calm,02,strong,01,kids_are_talking_by_the_door,2,21,male
clip_01212,data\raw\Audio_Speech_Actors_01-24\Actor_21\03-01-02-01-02-01-21.wav,03-01-02-01-02-01-21.wav,03,audio_only,01,speech,02,calm,01,normal,02,dogs_are_sitting_by_the_door,1,21,male
clip_01213,data\raw\Audio_Speech_Actors_01-24\Actor_21\03-01-02-02-02-01-21.wav,03-01-02-02-02-01-21.wav,03,audio_only,01,speech,02,calm,02,strong,02,dogs_are_sitting_by_the_door,1,21,male
clip_01214,data\raw\Audio_Speech_Actors_01-24\Actor_21\03-01-02-01-02-02-21.wav,03-01-02-01-02-02-21.wav,03,audio_only,01,speech,02,calm,01,normal,02,dogs_are_sitting_by_the_door,2,21,male
clip_01215,data\raw\Audio_Speech_Actors_01-24\Actor_21\03-01-02-02-02-02-21.wav,03-01-02-02-02-02-21.wav,03,audio_only,01,speech,02,calm,02,strong,02,dogs_are_sitting_by_the_door,2,21,male
clip_01216,data\raw\Audio_Speech_Actors_01-24\Actor_21\03-01-07-01-01-01-21.wav,03-01-07-01-01-01-21.wav,03,audio_only,01,speech,07,disgust,01,normal,01,kids_are_talking_by_the_door,1,21,male
clip_01217,data\raw\Audio_Speech_Actors_01-24\Actor_21\03-01-07-02-01-01-21.wav,03-01-07-02-01-01-21.wav,03,audio_only,01,speech,07,disgust,02,strong,01,kids_are_talking_by_the_door,1,21,male
clip_01218,data\raw\Audio_Speech_Actors_01-24\Actor_21\03-01-07-01-01-02-21.wav,03-01-07-01-01-02-21.wav,03,audio_only,01,speech,07,disgust,01,normal,01,kids_are_talking_by_the_door,2,21,male
clip_01219,data\raw\Audio_Speech_Actors_01-24\Actor_21\03-01-07-02-01-02-21.wav,03-01-07-02-01-02-21.wav,03,audio_only,01,speech,07,disgust,02,strong,01,kids_are_talking_by_the_door,2,21,male
clip_01220,data\raw\Audio_Speech_Actors_01-24\Actor_21\03-01-07-01-02-01-21.wav,03-01-07-01-02-01-21.wav,03,audio_only,01,speech,07,disgust,01,normal,02,dogs_are_sitting_by_the_door,1,21,male
clip_01221,data\raw\Audio_Speech_Actors_01-24\Actor_21\03-01-07-02-02-01-21.wav,03-01-07-02-02-01-21.wav,03,audio_only,01,speech,07,disgust,02,strong,02,dogs_are_sitting_by_the_door,1,21,male
clip_01222,data\raw\Audio_Speech_Actors_01-24\Actor_21\03-01-07-01-02-02-21.wav,03-01-07-01-02-02-21.wav,03,audio_only,01,speech,07,disgust,01,normal,02,dogs_are_sitting_by_the_door,2,21,male
clip_01223,data\raw\Audio_Speech_Actors_01-24\Actor_21\03-01-07-02-02-02-21.wav,03-01-07-02-02-02-21.wav,03,audio_only,01,speech,07,disgust,02,strong,02,dogs_are_sitting_by_the_door,2,21,male
clip_01224,data\raw\Audio_Speech_Actors_01-24\Actor_21\03-01-06-01-01-01-21.wav,03-01-06-01-01-01-21.wav,03,audio_only,01,speech,06,fearful,01,normal,01,kids_are_talking_by_the_door,1,21,male
clip_01225,data\raw\Audio_Speech_Actors_01-24\Actor_21\03-01-06-02-01-01-21.wav,03-01-06-02-01-01-21.wav,03,audio_only,01,speech,06,fearful,02,strong,01,kids_are_talking_by_the_door,1,21,male
clip_01226,data\raw\Audio_Speech_Actors_01-24\Actor_21\03-01-06-01-01-02-21.wav,03-01-06-01-01-02-21.wav,03,audio_only,01,speech,06,fearful,01,normal,01,kids_are_talking_by_the_door,2,21,male
clip_01227,data\raw\Audio_Speech_Actors_01-24\Actor_21\03-01-06-02-01-02-21.wav,03-01-06-02-01-02-21.wav,03,audio_only,01,speech,06,fearful,02,strong,01,kids_are_talking_by_the_door,2,21,male
clip_01228,data\raw\Audio_Speech_Actors_01-24\Actor_21\03-01-06-01-02-01-21.wav,03-01-06-01-02-01-21.wav,03,audio_only,01,speech,06,fearful,01,normal,02,dogs_are_sitting_by_the_door,1,21,male
clip_01229,data\raw\Audio_Speech_Actors_01-24\Actor_21\03-01-06-02-02-01-21.wav,03-01-06-02-02-01-21.wav,03,audio_only,01,speech,06,fearful,02,strong,02,dogs_are_sitting_by_the_door,1,21,male
clip_01230,data\raw\Audio_Speech_Actors_01-24\Actor_21\03-01-06-01-02-02-21.wav,03-01-06-01-02-02-21.wav,03,audio_only,01,speech,06,fearful,01,normal,02,dogs_are_sitting_by_the_door,2,21,male
clip_01231,data\raw\Audio_Speech_Actors_01-24\Actor_21\03-01-06-02-02-02-21.wav,03-01-06-02-02-02-21.wav,03,audio_only,01,speech,06,fearful,02,strong,02,dogs_are_sitting_by_the_door,2,21,male
clip_01232,data\raw\Audio_Speech_Actors_01-24\Actor_21\03-01-03-01-01-01-21.wav,03-01-03-01-01-01-21.wav,03,audio_only,01,speech,03,happy,01,normal,01,kids_are_talking_by_the_door,1,21,male
clip_01233,data\raw\Audio_Speech_Actors_01-24\Actor_21\03-01-03-02-01-01-21.wav,03-01-03-02-01-01-21.wav,03,audio_only,01,speech,03,happy,02,strong,01,kids_are_talking_by_the_door,1,21,male
clip_01234,data\raw\Audio_Speech_Actors_01-24\Actor_21\03-01-03-01-01-02-21.wav,03-01-03-01-01-02-21.wav,03,audio_only,01,speech,03,happy,01,normal,01,kids_are_talking_by_the_door,2,21,male
clip_01235,data\raw\Audio_Speech_Actors_01-24\Actor_21\03-01-03-02-01-02-21.wav,03-01-03-02-01-02-21.wav,03,audio_only,01,speech,03,happy,02,strong,01,kids_are_talking_by_the_door,2,21,male
clip_01236,data\raw\Audio_Speech_Actors_01-24\Actor_21\03-01-03-01-02-01-21.wav,03-01-03-01-02-01-21.wav,03,audio_only,01,speech,03,happy,01,normal,02,dogs_are_sitting_by_the_door,1,21,male
clip_01237,data\raw\Audio_Speech_Actors_01-24\Actor_21\03-01-03-02-02-01-21.wav,03-01-03-02-02-01-21.wav,03,audio_only,01,speech,03,happy,02,strong,02,dogs_are_sitting_by_the_door,1,21,male
clip_01238,data\raw\Audio_Speech_Actors_01-24\Actor_21\03-01-03-01-02-02-21.wav,03-01-03-01-02-02-21.wav,03,audio_only,01,speech,03,happy,01,normal,02,dogs_are_sitting_by_the_door,2,21,male
clip_01239,data\raw\Audio_Speech_Actors_01-24\Actor_21\03-01-03-02-02-02-21.wav,03-01-03-02-02-02-21.wav,03,audio_only,01,speech,03,happy,02,strong,02,dogs_are_sitting_by_the_door,2,21,male
clip_01240,data\raw\Audio_Speech_Actors_01-24\Actor_21\03-01-01-01-01-01-21.wav,03-01-01-01-01-01-21.wav,03,audio_only,01,speech,01,neutral,01,normal,01,kids_are_talking_by_the_door,1,21,male
clip_01241,data\raw\Audio_Speech_Actors_01-24\Actor_21\03-01-01-01-01-02-21.wav,03-01-01-01-01-02-21.wav,03,audio_only,01,speech,01,neutral,01,normal,01,kids_are_talking_by_the_door,2,21,male
clip_01242,data\raw\Audio_Speech_Actors_01-24\Actor_21\03-01-01-01-02-01-21.wav,03-01-01-01-02-01-21.wav,03,audio_only,01,speech,01,neutral,01,normal,02,dogs_are_sitting_by_the_door,1,21,male
clip_01243,data\raw\Audio_Speech_Actors_01-24\Actor_21\03-01-01-01-02-02-21.wav,03-01-01-01-02-02-21.wav,03,audio_only,01,speech,01,neutral,01,normal,02,dogs_are_sitting_by_the_door,2,21,male
clip_01244,data\raw\Audio_Speech_Actors_01-24\Actor_21\03-01-04-01-01-01-21.wav,03-01-04-01-01-01-21.wav,03,audio_only,01,speech,04,sad,01,normal,01,kids_are_talking_by_the_door,1,21,male
clip_01245,data\raw\Audio_Speech_Actors_01-24\Actor_21\03-01-04-02-01-01-21.wav,03-01-04-02-01-01-21.wav,03,audio_only,01,speech,04,sad,02,strong,01,kids_are_talking_by_the_door,1,21,male
clip_01246,data\raw\Audio_Speech_Actors_01-24\Actor_21\03-01-04-01-01-02-21.wav,03-01-04-01-01-02-21.wav,03,audio_only,01,speech,04,sad,01,normal,01,kids_are_talking_by_the_door,2,21,male
clip_01247,data\raw\Audio_Speech_Actors_01-24\Actor_21\03-01-04-02-01-02-21.wav,03-01-04-02-01-02-21.wav,03,audio_only,01,speech,04,sad,02,strong,01,kids_are_talking_by_the_door,2,21,male
clip_01248,data\raw\Audio_Speech_Actors_01-24\Actor_21\03-01-04-01-02-01-21.wav,03-01-04-01-02-01-21.wav,03,audio_only,01,speech,04,sad,01,normal,02,dogs_are_sitting_by_the_door,1,21,male
clip_01249,data\raw\Audio_Speech_Actors_01-24\Actor_21\03-01-04-02-02-01-21.wav,03-01-04-02-02-01-21.wav,03,audio_only,01,speech,04,sad,02,strong,02,dogs_are_sitting_by_the_door,1,21,male
clip_01250,data\raw\Audio_Speech_Actors_01-24\Actor_21\03-01-04-01-02-02-21.wav,03-01-04-01-02-02-21.wav,03,audio_only,01,speech,04,sad,01,normal,02,dogs_are_sitting_by_the_door,2,21,male
clip_01251,data\raw\Audio_Speech_Actors_01-24\Actor_21\03-01-04-02-02-02-21.wav,03-01-04-02-02-02-21.wav,03,audio_only,01,speech,04,sad,02,strong,02,dogs_are_sitting_by_the_door,2,21,male
clip_01252,data\raw\Audio_Speech_Actors_01-24\Actor_21\03-01-08-01-01-01-21.wav,03-01-08-01-01-01-21.wav,03,audio_only,01,speech,08,surprised,01,normal,01,kids_are_talking_by_the_door,1,21,male
clip_01253,data\raw\Audio_Speech_Actors_01-24\Actor_21\03-01-08-02-01-01-21.wav,03-01-08-02-01-01-21.wav,03,audio_only,01,speech,08,surprised,02,strong,01,kids_are_talking_by_the_door,1,21,male
clip_01254,data\raw\Audio_Speech_Actors_01-24\Actor_21\03-01-08-01-01-02-21.wav,03-01-08-01-01-02-21.wav,03,audio_only,01,speech,08,surprised,01,normal,01,kids_are_talking_by_the_door,2,21,male
clip_01255,data\raw\Audio_Speech_Actors_01-24\Actor_21\03-01-08-02-01-02-21.wav,03-01-08-02-01-02-21.wav,03,audio_only,01,speech,08,surprised,02,strong,01,kids_are_talking_by_the_door,2,21,male
clip_01256,data\raw\Audio_Speech_Actors_01-24\Actor_21\03-01-08-01-02-01-21.wav,03-01-08-01-02-01-21.wav,03,audio_only,01,speech,08,surprised,01,normal,02,dogs_are_sitting_by_the_door,1,21,male
clip_01257,data\raw\Audio_Speech_Actors_01-24\Actor_21\03-01-08-02-02-01-21.wav,03-01-08-02-02-01-21.wav,03,audio_only,01,speech,08,surprised,02,strong,02,dogs_are_sitting_by_the_door,1,21,male
clip_01258,data\raw\Audio_Speech_Actors_01-24\Actor_21\03-01-08-01-02-02-21.wav,03-01-08-01-02-02-21.wav,03,audio_only,01,speech,08,surprised,01,normal,02,dogs_are_sitting_by_the_door,2,21,male
clip_01259,data\raw\Audio_Speech_Actors_01-24\Actor_21\03-01-08-02-02-02-21.wav,03-01-08-02-02-02-21.wav,03,audio_only,01,speech,08,surprised,02,strong,02,dogs_are_sitting_by_the_door,2,21,male
clip_01260,data\raw\Audio_Speech_Actors_01-24\Actor_22\03-01-05-01-01-01-22.wav,03-01-05-01-01-01-22.wav,03,audio_only,01,speech,05,angry,01,normal,01,kids_are_talking_by_the_door,1,22,female
clip_01261,data\raw\Audio_Speech_Actors_01-24\Actor_22\03-01-05-02-01-01-22.wav,03-01-05-02-01-01-22.wav,03,audio_only,01,speech,05,angry,02,strong,01,kids_are_talking_by_the_door,1,22,female
clip_01262,data\raw\Audio_Speech_Actors_01-24\Actor_22\03-01-05-01-01-02-22.wav,03-01-05-01-01-02-22.wav,03,audio_only,01,speech,05,angry,01,normal,01,kids_are_talking_by_the_door,2,22,female
clip_01263,data\raw\Audio_Speech_Actors_01-24\Actor_22\03-01-05-02-01-02-22.wav,03-01-05-02-01-02-22.wav,03,audio_only,01,speech,05,angry,02,strong,01,kids_are_talking_by_the_door,2,22,female
clip_01264,data\raw\Audio_Speech_Actors_01-24\Actor_22\03-01-05-01-02-01-22.wav,03-01-05-01-02-01-22.wav,03,audio_only,01,speech,05,angry,01,normal,02,dogs_are_sitting_by_the_door,1,22,female
clip_01265,data\raw\Audio_Speech_Actors_01-24\Actor_22\03-01-05-02-02-01-22.wav,03-01-05-02-02-01-22.wav,03,audio_only,01,speech,05,angry,02,strong,02,dogs_are_sitting_by_the_door,1,22,female
clip_01266,data\raw\Audio_Speech_Actors_01-24\Actor_22\03-01-05-01-02-02-22.wav,03-01-05-01-02-02-22.wav,03,audio_only,01,speech,05,angry,01,normal,02,dogs_are_sitting_by_the_door,2,22,female
clip_01267,data\raw\Audio_Speech_Actors_01-24\Actor_22\03-01-05-02-02-02-22.wav,03-01-05-02-02-02-22.wav,03,audio_only,01,speech,05,angry,02,strong,02,dogs_are_sitting_by_the_door,2,22,female
clip_01268,data\raw\Audio_Speech_Actors_01-24\Actor_22\03-01-02-01-01-01-22.wav,03-01-02-01-01-01-22.wav,03,audio_only,01,speech,02,calm,01,normal,01,kids_are_talking_by_the_door,1,22,female
clip_01269,data\raw\Audio_Speech_Actors_01-24\Actor_22\03-01-02-02-01-01-22.wav,03-01-02-02-01-01-22.wav,03,audio_only,01,speech,02,calm,02,strong,01,kids_are_talking_by_the_door,1,22,female
clip_01270,data\raw\Audio_Speech_Actors_01-24\Actor_22\03-01-02-01-01-02-22.wav,03-01-02-01-01-02-22.wav,03,audio_only,01,speech,02,calm,01,normal,01,kids_are_talking_by_the_door,2,22,female
clip_01271,data\raw\Audio_Speech_Actors_01-24\Actor_22\03-01-02-02-01-02-22.wav,03-01-02-02-01-02-22.wav,03,audio_only,01,speech,02,calm,02,strong,01,kids_are_talking_by_the_door,2,22,female
clip_01272,data\raw\Audio_Speech_Actors_01-24\Actor_22\03-01-02-01-02-01-22.wav,03-01-02-01-02-01-22.wav,03,audio_only,01,speech,02,calm,01,normal,02,dogs_are_sitting_by_the_door,1,22,female
clip_01273,data\raw\Audio_Speech_Actors_01-24\Actor_22\03-01-02-02-02-01-22.wav,03-01-02-02-02-01-22.wav,03,audio_only,01,speech,02,calm,02,strong,02,dogs_are_sitting_by_the_door,1,22,female
clip_01274,data\raw\Audio_Speech_Actors_01-24\Actor_22\03-01-02-01-02-02-22.wav,03-01-02-01-02-02-22.wav,03,audio_only,01,speech,02,calm,01,normal,02,dogs_are_sitting_by_the_door,2,22,female
clip_01275,data\raw\Audio_Speech_Actors_01-24\Actor_22\03-01-02-02-02-02-22.wav,03-01-02-02-02-02-22.wav,03,audio_only,01,speech,02,calm,02,strong,02,dogs_are_sitting_by_the_door,2,22,female
clip_01276,data\raw\Audio_Speech_Actors_01-24\Actor_22\03-01-07-01-01-01-22.wav,03-01-07-01-01-01-22.wav,03,audio_only,01,speech,07,disgust,01,normal,01,kids_are_talking_by_the_door,1,22,female
clip_01277,data\raw\Audio_Speech_Actors_01-24\Actor_22\03-01-07-02-01-01-22.wav,03-01-07-02-01-01-22.wav,03,audio_only,01,speech,07,disgust,02,strong,01,kids_are_talking_by_the_door,1,22,female
clip_01278,data\raw\Audio_Speech_Actors_01-24\Actor_22\03-01-07-01-01-02-22.wav,03-01-07-01-01-02-22.wav,03,audio_only,01,speech,07,disgust,01,normal,01,kids_are_talking_by_the_door,2,22,female
clip_01279,data\raw\Audio_Speech_Actors_01-24\Actor_22\03-01-07-02-01-02-22.wav,03-01-07-02-01-02-22.wav,03,audio_only,01,speech,07,disgust,02,strong,01,kids_are_talking_by_the_door,2,22,female
clip_01280,data\raw\Audio_Speech_Actors_01-24\Actor_22\03-01-07-01-02-01-22.wav,03-01-07-01-02-01-22.wav,03,audio_only,01,speech,07,disgust,01,normal,02,dogs_are_sitting_by_the_door,1,22,female
clip_01281,data\raw\Audio_Speech_Actors_01-24\Actor_22\03-01-07-02-02-01-22.wav,03-01-07-02-02-01-22.wav,03,audio_only,01,speech,07,disgust,02,strong,02,dogs_are_sitting_by_the_door,1,22,female
clip_01282,data\raw\Audio_Speech_Actors_01-24\Actor_22\03-01-07-01-02-02-22.wav,03-01-07-01-02-02-22.wav,03,audio_only,01,speech,07,disgust,01,normal,02,dogs_are_sitting_by_the_door,2,22,female
clip_01283,data\raw\Audio_Speech_Actors_01-24\Actor_22\03-01-07-02-02-02-22.wav,03-01-07-02-02-02-22.wav,03,audio_only,01,speech,07,disgust,02,strong,02,dogs_are_sitting_by_the_door,2,22,female
clip_01284,data\raw\Audio_Speech_Actors_01-24\Actor_22\03-01-06-01-01-01-22.wav,03-01-06-01-01-01-22.wav,03,audio_only,01,speech,06,fearful,01,normal,01,kids_are_talking_by_the_door,1,22,female
clip_01285,data\raw\Audio_Speech_Actors_01-24\Actor_22\03-01-06-02-01-01-22.wav,03-01-06-02-01-01-22.wav,03,audio_only,01,speech,06,fearful,02,strong,01,kids_are_talking_by_the_door,1,22,female
clip_01286,data\raw\Audio_Speech_Actors_01-24\Actor_22\03-01-06-01-01-02-22.wav,03-01-06-01-01-02-22.wav,03,audio_only,01,speech,06,fearful,01,normal,01,kids_are_talking_by_the_door,2,22,female
clip_01287,data\raw\Audio_Speech_Actors_01-24\Actor_22\03-01-06-02-01-02-22.wav,03-01-06-02-01-02-22.wav,03,audio_only,01,speech,06,fearful,02,strong,01,kids_are_talking_by_the_door,2,22,female
clip_01288,data\raw\Audio_Speech_Actors_01-24\Actor_22\03-01-06-01-02-01-22.wav,03-01-06-01-02-01-22.wav,03,audio_only,01,speech,06,fearful,01,normal,02,dogs_are_sitting_by_the_door,1,22,female
clip_01289,data\raw\Audio_Speech_Actors_01-24\Actor_22\03-01-06-02-02-01-22.wav,03-01-06-02-02-01-22.wav,03,audio_only,01,speech,06,fearful,02,strong,02,dogs_are_sitting_by_the_door,1,22,female
clip_01290,data\raw\Audio_Speech_Actors_01-24\Actor_22\03-01-06-01-02-02-22.wav,03-01-06-01-02-02-22.wav,03,audio_only,01,speech,06,fearful,01,normal,02,dogs_are_sitting_by_the_door,2,22,female
clip_01291,data\raw\Audio_Speech_Actors_01-24\Actor_22\03-01-06-02-02-02-22.wav,03-01-06-02-02-02-22.wav,03,audio_only,01,speech,06,fearful,02,strong,02,dogs_are_sitting_by_the_door,2,22,female
clip_01292,data\raw\Audio_Speech_Actors_01-24\Actor_22\03-01-03-01-01-01-22.wav,03-01-03-01-01-01-22.wav,03,audio_only,01,speech,03,happy,01,normal,01,kids_are_talking_by_the_door,1,22,female
clip_01293,data\raw\Audio_Speech_Actors_01-24\Actor_22\03-01-03-02-01-01-22.wav,03-01-03-02-01-01-22.wav,03,audio_only,01,speech,03,happy,02,strong,01,kids_are_talking_by_the_door,1,22,female
clip_01294,data\raw\Audio_Speech_Actors_01-24\Actor_22\03-01-03-01-01-02-22.wav,03-01-03-01-01-02-22.wav,03,audio_only,01,speech,03,happy,01,normal,01,kids_are_talking_by_the_door,2,22,female
clip_01295,data\raw\Audio_Speech_Actors_01-24\Actor_22\03-01-03-02-01-02-22.wav,03-01-03-02-01-02-22.wav,03,audio_only,01,speech,03,happy,02,strong,01,kids_are_talking_by_the_door,2,22,female
clip_01296,data\raw\Audio_Speech_Actors_01-24\Actor_22\03-01-03-01-02-01-22.wav,03-01-03-01-02-01-22.wav,03,audio_only,01,speech,03,happy,01,normal,02,dogs_are_sitting_by_the_door,1,22,female
clip_01297,data\raw\Audio_Speech_Actors_01-24\Actor_22\03-01-03-02-02-01-22.wav,03-01-03-02-02-01-22.wav,03,audio_only,01,speech,03,happy,02,strong,02,dogs_are_sitting_by_the_door,1,22,female
clip_01298,data\raw\Audio_Speech_Actors_01-24\Actor_22\03-01-03-01-02-02-22.wav,03-01-03-01-02-02-22.wav,03,audio_only,01,speech,03,happy,01,normal,02,dogs_are_sitting_by_the_door,2,22,female
clip_01299,data\raw\Audio_Speech_Actors_01-24\Actor_22\03-01-03-02-02-02-22.wav,03-01-03-02-02-02-22.wav,03,audio_only,01,speech,03,happy,02,strong,02,dogs_are_sitting_by_the_door,2,22,female
clip_01300,data\raw\Audio_Speech_Actors_01-24\Actor_22\03-01-01-01-01-01-22.wav,03-01-01-01-01-01-22.wav,03,audio_only,01,speech,01,neutral,01,normal,01,kids_are_talking_by_the_door,1,22,female
clip_01301,data\raw\Audio_Speech_Actors_01-24\Actor_22\03-01-01-01-01-02-22.wav,03-01-01-01-01-02-22.wav,03,audio_only,01,speech,01,neutral,01,normal,01,kids_are_talking_by_the_door,2,22,female
clip_01302,data\raw\Audio_Speech_Actors_01-24\Actor_22\03-01-01-01-02-01-22.wav,03-01-01-01-02-01-22.wav,03,audio_only,01,speech,01,neutral,01,normal,02,dogs_are_sitting_by_the_door,1,22,female
clip_01303,data\raw\Audio_Speech_Actors_01-24\Actor_22\03-01-01-01-02-02-22.wav,03-01-01-01-02-02-22.wav,03,audio_only,01,speech,01,neutral,01,normal,02,dogs_are_sitting_by_the_door,2,22,female
clip_01304,data\raw\Audio_Speech_Actors_01-24\Actor_22\03-01-04-01-01-01-22.wav,03-01-04-01-01-01-22.wav,03,audio_only,01,speech,04,sad,01,normal,01,kids_are_talking_by_the_door,1,22,female
clip_01305,data\raw\Audio_Speech_Actors_01-24\Actor_22\03-01-04-02-01-01-22.wav,03-01-04-02-01-01-22.wav,03,audio_only,01,speech,04,sad,02,strong,01,kids_are_talking_by_the_door,1,22,female
clip_01306,data\raw\Audio_Speech_Actors_01-24\Actor_22\03-01-04-01-01-02-22.wav,03-01-04-01-01-02-22.wav,03,audio_only,01,speech,04,sad,01,normal,01,kids_are_talking_by_the_door,2,22,female
clip_01307,data\raw\Audio_Speech_Actors_01-24\Actor_22\03-01-04-02-01-02-22.wav,03-01-04-02-01-02-22.wav,03,audio_only,01,speech,04,sad,02,strong,01,kids_are_talking_by_the_door,2,22,female
clip_01308,data\raw\Audio_Speech_Actors_01-24\Actor_22\03-01-04-01-02-01-22.wav,03-01-04-01-02-01-22.wav,03,audio_only,01,speech,04,sad,01,normal,02,dogs_are_sitting_by_the_door,1,22,female
clip_01309,data\raw\Audio_Speech_Actors_01-24\Actor_22\03-01-04-02-02-01-22.wav,03-01-04-02-02-01-22.wav,03,audio_only,01,speech,04,sad,02,strong,02,dogs_are_sitting_by_the_door,1,22,female
clip_01310,data\raw\Audio_Speech_Actors_01-24\Actor_22\03-01-04-01-02-02-22.wav,03-01-04-01-02-02-22.wav,03,audio_only,01,speech,04,sad,01,normal,02,dogs_are_sitting_by_the_door,2,22,female
clip_01311,data\raw\Audio_Speech_Actors_01-24\Actor_22\03-01-04-02-02-02-22.wav,03-01-04-02-02-02-22.wav,03,audio_only,01,speech,04,sad,02,strong,02,dogs_are_sitting_by_the_door,2,22,female
clip_01312,data\raw\Audio_Speech_Actors_01-24\Actor_22\03-01-08-01-01-01-22.wav,03-01-08-01-01-01-22.wav,03,audio_only,01,speech,08,surprised,01,normal,01,kids_are_talking_by_the_door,1,22,female
clip_01313,data\raw\Audio_Speech_Actors_01-24\Actor_22\03-01-08-02-01-01-22.wav,03-01-08-02-01-01-22.wav,03,audio_only,01,speech,08,surprised,02,strong,01,kids_are_talking_by_the_door,1,22,female
clip_01314,data\raw\Audio_Speech_Actors_01-24\Actor_22\03-01-08-01-01-02-22.wav,03-01-08-01-01-02-22.wav,03,audio_only,01,speech,08,surprised,01,normal,01,kids_are_talking_by_the_door,2,22,female
clip_01315,data\raw\Audio_Speech_Actors_01-24\Actor_22\03-01-08-02-01-02-22.wav,03-01-08-02-01-02-22.wav,03,audio_only,01,speech,08,surprised,02,strong,01,kids_are_talking_by_the_door,2,22,female
clip_01316,data\raw\Audio_Speech_Actors_01-24\Actor_22\03-01-08-01-02-01-22.wav,03-01-08-01-02-01-22.wav,03,audio_only,01,speech,08,surprised,01,normal,02,dogs_are_sitting_by_the_door,1,22,female
clip_01317,data\raw\Audio_Speech_Actors_01-24\Actor_22\03-01-08-02-02-01-22.wav,03-01-08-02-02-01-22.wav,03,audio_only,01,speech,08,surprised,02,strong,02,dogs_are_sitting_by_the_door,1,22,female
clip_01318,data\raw\Audio_Speech_Actors_01-24\Actor_22\03-01-08-01-02-02-22.wav,03-01-08-01-02-02-22.wav,03,audio_only,01,speech,08,surprised,01,normal,02,dogs_are_sitting_by_the_door,2,22,female
clip_01319,data\raw\Audio_Speech_Actors_01-24\Actor_22\03-01-08-02-02-02-22.wav,03-01-08-02-02-02-22.wav,03,audio_only,01,speech,08,surprised,02,strong,02,dogs_are_sitting_by_the_door,2,22,female
clip_01320,data\raw\Audio_Speech_Actors_01-24\Actor_23\03-01-05-01-01-01-23.wav,03-01-05-01-01-01-23.wav,03,audio_only,01,speech,05,angry,01,normal,01,kids_are_talking_by_the_door,1,23,male
clip_01321,data\raw\Audio_Speech_Actors_01-24\Actor_23\03-01-05-02-01-01-23.wav,03-01-05-02-01-01-23.wav,03,audio_only,01,speech,05,angry,02,strong,01,kids_are_talking_by_the_door,1,23,male
clip_01322,data\raw\Audio_Speech_Actors_01-24\Actor_23\03-01-05-01-01-02-23.wav,03-01-05-01-01-02-23.wav,03,audio_only,01,speech,05,angry,01,normal,01,kids_are_talking_by_the_door,2,23,male
clip_01323,data\raw\Audio_Speech_Actors_01-24\Actor_23\03-01-05-02-01-02-23.wav,03-01-05-02-01-02-23.wav,03,audio_only,01,speech,05,angry,02,strong,01,kids_are_talking_by_the_door,2,23,male
clip_01324,data\raw\Audio_Speech_Actors_01-24\Actor_23\03-01-05-01-02-01-23.wav,03-01-05-01-02-01-23.wav,03,audio_only,01,speech,05,angry,01,normal,02,dogs_are_sitting_by_the_door,1,23,male
clip_01325,data\raw\Audio_Speech_Actors_01-24\Actor_23\03-01-05-02-02-01-23.wav,03-01-05-02-02-01-23.wav,03,audio_only,01,speech,05,angry,02,strong,02,dogs_are_sitting_by_the_door,1,23,male
clip_01326,data\raw\Audio_Speech_Actors_01-24\Actor_23\03-01-05-01-02-02-23.wav,03-01-05-01-02-02-23.wav,03,audio_only,01,speech,05,angry,01,normal,02,dogs_are_sitting_by_the_door,2,23,male
clip_01327,data\raw\Audio_Speech_Actors_01-24\Actor_23\03-01-05-02-02-02-23.wav,03-01-05-02-02-02-23.wav,03,audio_only,01,speech,05,angry,02,strong,02,dogs_are_sitting_by_the_door,2,23,male
clip_01328,data\raw\Audio_Speech_Actors_01-24\Actor_23\03-01-02-01-01-01-23.wav,03-01-02-01-01-01-23.wav,03,audio_only,01,speech,02,calm,01,normal,01,kids_are_talking_by_the_door,1,23,male
clip_01329,data\raw\Audio_Speech_Actors_01-24\Actor_23\03-01-02-02-01-01-23.wav,03-01-02-02-01-01-23.wav,03,audio_only,01,speech,02,calm,02,strong,01,kids_are_talking_by_the_door,1,23,male
clip_01330,data\raw\Audio_Speech_Actors_01-24\Actor_23\03-01-02-01-01-02-23.wav,03-01-02-01-01-02-23.wav,03,audio_only,01,speech,02,calm,01,normal,01,kids_are_talking_by_the_door,2,23,male
clip_01331,data\raw\Audio_Speech_Actors_01-24\Actor_23\03-01-02-02-01-02-23.wav,03-01-02-02-01-02-23.wav,03,audio_only,01,speech,02,calm,02,strong,01,kids_are_talking_by_the_door,2,23,male
clip_01332,data\raw\Audio_Speech_Actors_01-24\Actor_23\03-01-02-01-02-01-23.wav,03-01-02-01-02-01-23.wav,03,audio_only,01,speech,02,calm,01,normal,02,dogs_are_sitting_by_the_door,1,23,male
clip_01333,data\raw\Audio_Speech_Actors_01-24\Actor_23\03-01-02-02-02-01-23.wav,03-01-02-02-02-01-23.wav,03,audio_only,01,speech,02,calm,02,strong,02,dogs_are_sitting_by_the_door,1,23,male
clip_01334,data\raw\Audio_Speech_Actors_01-24\Actor_23\03-01-02-01-02-02-23.wav,03-01-02-01-02-02-23.wav,03,audio_only,01,speech,02,calm,01,normal,02,dogs_are_sitting_by_the_door,2,23,male
clip_01335,data\raw\Audio_Speech_Actors_01-24\Actor_23\03-01-02-02-02-02-23.wav,03-01-02-02-02-02-23.wav,03,audio_only,01,speech,02,calm,02,strong,02,dogs_are_sitting_by_the_door,2,23,male
clip_01336,data\raw\Audio_Speech_Actors_01-24\Actor_23\03-01-07-01-01-01-23.wav,03-01-07-01-01-01-23.wav,03,audio_only,01,speech,07,disgust,01,normal,01,kids_are_talking_by_the_door,1,23,male
clip_01337,data\raw\Audio_Speech_Actors_01-24\Actor_23\03-01-07-02-01-01-23.wav,03-01-07-02-01-01-23.wav,03,audio_only,01,speech,07,disgust,02,strong,01,kids_are_talking_by_the_door,1,23,male
clip_01338,data\raw\Audio_Speech_Actors_01-24\Actor_23\03-01-07-01-01-02-23.wav,03-01-07-01-01-02-23.wav,03,audio_only,01,speech,07,disgust,01,normal,01,kids_are_talking_by_the_door,2,23,male
clip_01339,data\raw\Audio_Speech_Actors_01-24\Actor_23\03-01-07-02-01-02-23.wav,03-01-07-02-01-02-23.wav,03,audio_only,01,speech,07,disgust,02,strong,01,kids_are_talking_by_the_door,2,23,male
clip_01340,data\raw\Audio_Speech_Actors_01-24\Actor_23\03-01-07-01-02-01-23.wav,03-01-07-01-02-01-23.wav,03,audio_only,01,speech,07,disgust,01,normal,02,dogs_are_sitting_by_the_door,1,23,male
clip_01341,data\raw\Audio_Speech_Actors_01-24\Actor_23\03-01-07-02-02-01-23.wav,03-01-07-02-02-01-23.wav,03,audio_only,01,speech,07,disgust,02,strong,02,dogs_are_sitting_by_the_door,1,23,male
clip_01342,data\raw\Audio_Speech_Actors_01-24\Actor_23\03-01-07-01-02-02-23.wav,03-01-07-01-02-02-23.wav,03,audio_only,01,speech,07,disgust,01,normal,02,dogs_are_sitting_by_the_door,2,23,male
clip_01343,data\raw\Audio_Speech_Actors_01-24\Actor_23\03-01-07-02-02-02-23.wav,03-01-07-02-02-02-23.wav,03,audio_only,01,speech,07,disgust,02,strong,02,dogs_are_sitting_by_the_door,2,23,male
clip_01344,data\raw\Audio_Speech_Actors_01-24\Actor_23\03-01-06-01-01-01-23.wav,03-01-06-01-01-01-23.wav,03,audio_only,01,speech,06,fearful,01,normal,01,kids_are_talking_by_the_door,1,23,male
clip_01345,data\raw\Audio_Speech_Actors_01-24\Actor_23\03-01-06-02-01-01-23.wav,03-01-06-02-01-01-23.wav,03,audio_only,01,speech,06,fearful,02,strong,01,kids_are_talking_by_the_door,1,23,male
clip_01346,data\raw\Audio_Speech_Actors_01-24\Actor_23\03-01-06-01-01-02-23.wav,03-01-06-01-01-02-23.wav,03,audio_only,01,speech,06,fearful,01,normal,01,kids_are_talking_by_the_door,2,23,male
clip_01347,data\raw\Audio_Speech_Actors_01-24\Actor_23\03-01-06-02-01-02-23.wav,03-01-06-02-01-02-23.wav,03,audio_only,01,speech,06,fearful,02,strong,01,kids_are_talking_by_the_door,2,23,male
clip_01348,data\raw\Audio_Speech_Actors_01-24\Actor_23\03-01-06-01-02-01-23.wav,03-01-06-01-02-01-23.wav,03,audio_only,01,speech,06,fearful,01,normal,02,dogs_are_sitting_by_the_door,1,23,male
clip_01349,data\raw\Audio_Speech_Actors_01-24\Actor_23\03-01-06-02-02-01-23.wav,03-01-06-02-02-01-23.wav,03,audio_only,01,speech,06,fearful,02,strong,02,dogs_are_sitting_by_the_door,1,23,male
clip_01350,data\raw\Audio_Speech_Actors_01-24\Actor_23\03-01-06-01-02-02-23.wav,03-01-06-01-02-02-23.wav,03,audio_only,01,speech,06,fearful,01,normal,02,dogs_are_sitting_by_the_door,2,23,male
clip_01351,data\raw\Audio_Speech_Actors_01-24\Actor_23\03-01-06-02-02-02-23.wav,03-01-06-02-02-02-23.wav,03,audio_only,01,speech,06,fearful,02,strong,02,dogs_are_sitting_by_the_door,2,23,male
clip_01352,data\raw\Audio_Speech_Actors_01-24\Actor_23\03-01-03-01-01-01-23.wav,03-01-03-01-01-01-23.wav,03,audio_only,01,speech,03,happy,01,normal,01,kids_are_talking_by_the_door,1,23,male
clip_01353,data\raw\Audio_Speech_Actors_01-24\Actor_23\03-01-03-02-01-01-23.wav,03-01-03-02-01-01-23.wav,03,audio_only,01,speech,03,happy,02,strong,01,kids_are_talking_by_the_door,1,23,male
clip_01354,data\raw\Audio_Speech_Actors_01-24\Actor_23\03-01-03-01-01-02-23.wav,03-01-03-01-01-02-23.wav,03,audio_only,01,speech,03,happy,01,normal,01,kids_are_talking_by_the_door,2,23,male
clip_01355,data\raw\Audio_Speech_Actors_01-24\Actor_23\03-01-03-02-01-02-23.wav,03-01-03-02-01-02-23.wav,03,audio_only,01,speech,03,happy,02,strong,01,kids_are_talking_by_the_door,2,23,male
clip_01356,data\raw\Audio_Speech_Actors_01-24\Actor_23\03-01-03-01-02-01-23.wav,03-01-03-01-02-01-23.wav,03,audio_only,01,speech,03,happy,01,normal,02,dogs_are_sitting_by_the_door,1,23,male
clip_01357,data\raw\Audio_Speech_Actors_01-24\Actor_23\03-01-03-02-02-01-23.wav,03-01-03-02-02-01-23.wav,03,audio_only,01,speech,03,happy,02,strong,02,dogs_are_sitting_by_the_door,1,23,male
clip_01358,data\raw\Audio_Speech_Actors_01-24\Actor_23\03-01-03-01-02-02-23.wav,03-01-03-01-02-02-23.wav,03,audio_only,01,speech,03,happy,01,normal,02,dogs_are_sitting_by_the_door,2,23,male
clip_01359,data\raw\Audio_Speech_Actors_01-24\Actor_23\03-01-03-02-02-02-23.wav,03-01-03-02-02-02-23.wav,03,audio_only,01,speech,03,happy,02,strong,02,dogs_are_sitting_by_the_door,2,23,male
clip_01360,data\raw\Audio_Speech_Actors_01-24\Actor_23\03-01-01-01-01-01-23.wav,03-01-01-01-01-01-23.wav,03,audio_only,01,speech,01,neutral,01,normal,01,kids_are_talking_by_the_door,1,23,male
clip_01361,data\raw\Audio_Speech_Actors_01-24\Actor_23\03-01-01-01-01-02-23.wav,03-01-01-01-01-02-23.wav,03,audio_only,01,speech,01,neutral,01,normal,01,kids_are_talking_by_the_door,2,23,male
clip_01362,data\raw\Audio_Speech_Actors_01-24\Actor_23\03-01-01-01-02-01-23.wav,03-01-01-01-02-01-23.wav,03,audio_only,01,speech,01,neutral,01,normal,02,dogs_are_sitting_by_the_door,1,23,male
clip_01363,data\raw\Audio_Speech_Actors_01-24\Actor_23\03-01-01-01-02-02-23.wav,03-01-01-01-02-02-23.wav,03,audio_only,01,speech,01,neutral,01,normal,02,dogs_are_sitting_by_the_door,2,23,male
clip_01364,data\raw\Audio_Speech_Actors_01-24\Actor_23\03-01-04-01-01-01-23.wav,03-01-04-01-01-01-23.wav,03,audio_only,01,speech,04,sad,01,normal,01,kids_are_talking_by_the_door,1,23,male
clip_01365,data\raw\Audio_Speech_Actors_01-24\Actor_23\03-01-04-02-01-01-23.wav,03-01-04-02-01-01-23.wav,03,audio_only,01,speech,04,sad,02,strong,01,kids_are_talking_by_the_door,1,23,male
clip_01366,data\raw\Audio_Speech_Actors_01-24\Actor_23\03-01-04-01-01-02-23.wav,03-01-04-01-01-02-23.wav,03,audio_only,01,speech,04,sad,01,normal,01,kids_are_talking_by_the_door,2,23,male
clip_01367,data\raw\Audio_Speech_Actors_01-24\Actor_23\03-01-04-02-01-02-23.wav,03-01-04-02-01-02-23.wav,03,audio_only,01,speech,04,sad,02,strong,01,kids_are_talking_by_the_door,2,23,male
clip_01368,data\raw\Audio_Speech_Actors_01-24\Actor_23\03-01-04-01-02-01-23.wav,03-01-04-01-02-01-23.wav,03,audio_only,01,speech,04,sad,01,normal,02,dogs_are_sitting_by_the_door,1,23,male
clip_01369,data\raw\Audio_Speech_Actors_01-24\Actor_23\03-01-04-02-02-01-23.wav,03-01-04-02-02-01-23.wav,03,audio_only,01,speech,04,sad,02,strong,02,dogs_are_sitting_by_the_door,1,23,male
clip_01370,data\raw\Audio_Speech_Actors_01-24\Actor_23\03-01-04-01-02-02-23.wav,03-01-04-01-02-02-23.wav,03,audio_only,01,speech,04,sad,01,normal,02,dogs_are_sitting_by_the_door,2,23,male
clip_01371,data\raw\Audio_Speech_Actors_01-24\Actor_23\03-01-04-02-02-02-23.wav,03-01-04-02-02-02-23.wav,03,audio_only,01,speech,04,sad,02,strong,02,dogs_are_sitting_by_the_door,2,23,male
clip_01372,data\raw\Audio_Speech_Actors_01-24\Actor_23\03-01-08-01-01-01-23.wav,03-01-08-01-01-01-23.wav,03,audio_only,01,speech,08,surprised,01,normal,01,kids_are_talking_by_the_door,1,23,male
clip_01373,data\raw\Audio_Speech_Actors_01-24\Actor_23\03-01-08-02-01-01-23.wav,03-01-08-02-01-01-23.wav,03,audio_only,01,speech,08,surprised,02,strong,01,kids_are_talking_by_the_door,1,23,male
clip_01374,data\raw\Audio_Speech_Actors_01-24\Actor_23\03-01-08-01-01-02-23.wav,03-01-08-01-01-02-23.wav,03,audio_only,01,speech,08,surprised,01,normal,01,kids_are_talking_by_the_door,2,23,male
clip_01375,data\raw\Audio_Speech_Actors_01-24\Actor_23\03-01-08-02-01-02-23.wav,03-01-08-02-01-02-23.wav,03,audio_only,01,speech,08,surprised,02,strong,01,kids_are_talking_by_the_door,2,23,male
clip_01376,data\raw\Audio_Speech_Actors_01-24\Actor_23\03-01-08-01-02-01-23.wav,03-01-08-01-02-01-23.wav,03,audio_only,01,speech,08,surprised,01,normal,02,dogs_are_sitting_by_the_door,1,23,male
clip_01377,data\raw\Audio_Speech_Actors_01-24\Actor_23\03-01-08-02-02-01-23.wav,03-01-08-02-02-01-23.wav,03,audio_only,01,speech,08,surprised,02,strong,02,dogs_are_sitting_by_the_door,1,23,male
clip_01378,data\raw\Audio_Speech_Actors_01-24\Actor_23\03-01-08-01-02-02-23.wav,03-01-08-01-02-02-23.wav,03,audio_only,01,speech,08,surprised,01,normal,02,dogs_are_sitting_by_the_door,2,23,male
clip_01379,data\raw\Audio_Speech_Actors_01-24\Actor_23\03-01-08-02-02-02-23.wav,03-01-08-02-02-02-23.wav,03,audio_only,01,speech,08,surprised,02,strong,02,dogs_are_sitting_by_the_door,2,23,male
clip_01380,data\raw\Audio_Speech_Actors_01-24\Actor_24\03-01-05-01-01-01-24.wav,03-01-05-01-01-01-24.wav,03,audio_only,01,speech,05,angry,01,normal,01,kids_are_talking_by_the_door,1,24,female
clip_01381,data\raw\Audio_Speech_Actors_01-24\Actor_24\03-01-05-02-01-01-24.wav,03-01-05-02-01-01-24.wav,03,audio_only,01,speech,05,angry,02,strong,01,kids_are_talking_by_the_door,1,24,female
clip_01382,data\raw\Audio_Speech_Actors_01-24\Actor_24\03-01-05-01-01-02-24.wav,03-01-05-01-01-02-24.wav,03,audio_only,01,speech,05,angry,01,normal,01,kids_are_talking_by_the_door,2,24,female
clip_01383,data\raw\Audio_Speech_Actors_01-24\Actor_24\03-01-05-02-01-02-24.wav,03-01-05-02-01-02-24.wav,03,audio_only,01,speech,05,angry,02,strong,01,kids_are_talking_by_the_door,2,24,female
clip_01384,data\raw\Audio_Speech_Actors_01-24\Actor_24\03-01-05-01-02-01-24.wav,03-01-05-01-02-01-24.wav,03,audio_only,01,speech,05,angry,01,normal,02,dogs_are_sitting_by_the_door,1,24,female
clip_01385,data\raw\Audio_Speech_Actors_01-24\Actor_24\03-01-05-02-02-01-24.wav,03-01-05-02-02-01-24.wav,03,audio_only,01,speech,05,angry,02,strong,02,dogs_are_sitting_by_the_door,1,24,female
clip_01386,data\raw\Audio_Speech_Actors_01-24\Actor_24\03-01-05-01-02-02-24.wav,03-01-05-01-02-02-24.wav,03,audio_only,01,speech,05,angry,01,normal,02,dogs_are_sitting_by_the_door,2,24,female
clip_01387,data\raw\Audio_Speech_Actors_01-24\Actor_24\03-01-05-02-02-02-24.wav,03-01-05-02-02-02-24.wav,03,audio_only,01,speech,05,angry,02,strong,02,dogs_are_sitting_by_the_door,2,24,female
clip_01388,data\raw\Audio_Speech_Actors_01-24\Actor_24\03-01-02-01-01-01-24.wav,03-01-02-01-01-01-24.wav,03,audio_only,01,speech,02,calm,01,normal,01,kids_are_talking_by_the_door,1,24,female
clip_01389,data\raw\Audio_Speech_Actors_01-24\Actor_24\03-01-02-02-01-01-24.wav,03-01-02-02-01-01-24.wav,03,audio_only,01,speech,02,calm,02,strong,01,kids_are_talking_by_the_door,1,24,female
clip_01390,data\raw\Audio_Speech_Actors_01-24\Actor_24\03-01-02-01-01-02-24.wav,03-01-02-01-01-02-24.wav,03,audio_only,01,speech,02,calm,01,normal,01,kids_are_talking_by_the_door,2,24,female
clip_01391,data\raw\Audio_Speech_Actors_01-24\Actor_24\03-01-02-02-01-02-24.wav,03-01-02-02-01-02-24.wav,03,audio_only,01,speech,02,calm,02,strong,01,kids_are_talking_by_the_door,2,24,female
clip_01392,data\raw\Audio_Speech_Actors_01-24\Actor_24\03-01-02-01-02-01-24.wav,03-01-02-01-02-01-24.wav,03,audio_only,01,speech,02,calm,01,normal,02,dogs_are_sitting_by_the_door,1,24,female
clip_01393,data\raw\Audio_Speech_Actors_01-24\Actor_24\03-01-02-02-02-01-24.wav,03-01-02-02-02-01-24.wav,03,audio_only,01,speech,02,calm,02,strong,02,dogs_are_sitting_by_the_door,1,24,female
clip_01394,data\raw\Audio_Speech_Actors_01-24\Actor_24\03-01-02-01-02-02-24.wav,03-01-02-01-02-02-24.wav,03,audio_only,01,speech,02,calm,01,normal,02,dogs_are_sitting_by_the_door,2,24,female
clip_01395,data\raw\Audio_Speech_Actors_01-24\Actor_24\03-01-02-02-02-02-24.wav,03-01-02-02-02-02-24.wav,03,audio_only,01,speech,02,calm,02,strong,02,dogs_are_sitting_by_the_door,2,24,female
clip_01396,data\raw\Audio_Speech_Actors_01-24\Actor_24\03-01-07-01-01-01-24.wav,03-01-07-01-01-01-24.wav,03,audio_only,01,speech,07,disgust,01,normal,01,kids_are_talking_by_the_door,1,24,female
clip_01397,data\raw\Audio_Speech_Actors_01-24\Actor_24\03-01-07-02-01-01-24.wav,03-01-07-02-01-01-24.wav,03,audio_only,01,speech,07,disgust,02,strong,01,kids_are_talking_by_the_door,1,24,female
clip_01398,data\raw\Audio_Speech_Actors_01-24\Actor_24\03-01-07-01-01-02-24.wav,03-01-07-01-01-02-24.wav,03,audio_only,01,speech,07,disgust,01,normal,01,kids_are_talking_by_the_door,2,24,female
clip_01399,data\raw\Audio_Speech_Actors_01-24\Actor_24\03-01-07-02-01-02-24.wav,03-01-07-02-01-02-24.wav,03,audio_only,01,speech,07,disgust,02,strong,01,kids_are_talking_by_the_door,2,24,female
clip_01400,data\raw\Audio_Speech_Actors_01-24\Actor_24\03-01-07-01-02-01-24.wav,03-01-07-01-02-01-24.wav,03,audio_only,01,speech,07,disgust,01,normal,02,dogs_are_sitting_by_the_door,1,24,female
clip_01401,data\raw\Audio_Speech_Actors_01-24\Actor_24\03-01-07-02-02-01-24.wav,03-01-07-02-02-01-24.wav,03,audio_only,01,speech,07,disgust,02,strong,02,dogs_are_sitting_by_the_door,1,24,female
clip_01402,data\raw\Audio_Speech_Actors_01-24\Actor_24\03-01-07-01-02-02-24.wav,03-01-07-01-02-02-24.wav,03,audio_only,01,speech,07,disgust,01,normal,02,dogs_are_sitting_by_the_door,2,24,female
clip_01403,data\raw\Audio_Speech_Actors_01-24\Actor_24\03-01-07-02-02-02-24.wav,03-01-07-02-02-02-24.wav,03,audio_only,01,speech,07,disgust,02,strong,02,dogs_are_sitting_by_the_door,2,24,female
clip_01404,data\raw\Audio_Speech_Actors_01-24\Actor_24\03-01-06-01-01-01-24.wav,03-01-06-01-01-01-24.wav,03,audio_only,01,speech,06,fearful,01,normal,01,kids_are_talking_by_the_door,1,24,female
clip_01405,data\raw\Audio_Speech_Actors_01-24\Actor_24\03-01-06-02-01-01-24.wav,03-01-06-02-01-01-24.wav,03,audio_only,01,speech,06,fearful,02,strong,01,kids_are_talking_by_the_door,1,24,female
clip_01406,data\raw\Audio_Speech_Actors_01-24\Actor_24\03-01-06-01-01-02-24.wav,03-01-06-01-01-02-24.wav,03,audio_only,01,speech,06,fearful,01,normal,01,kids_are_talking_by_the_door,2,24,female
clip_01407,data\raw\Audio_Speech_Actors_01-24\Actor_24\03-01-06-02-01-02-24.wav,03-01-06-02-01-02-24.wav,03,audio_only,01,speech,06,fearful,02,strong,01,kids_are_talking_by_the_door,2,24,female
clip_01408,data\raw\Audio_Speech_Actors_01-24\Actor_24\03-01-06-01-02-01-24.wav,03-01-06-01-02-01-24.wav,03,audio_only,01,speech,06,fearful,01,normal,02,dogs_are_sitting_by_the_door,1,24,female
clip_01409,data\raw\Audio_Speech_Actors_01-24\Actor_24\03-01-06-02-02-01-24.wav,03-01-06-02-02-01-24.wav,03,audio_only,01,speech,06,fearful,02,strong,02,dogs_are_sitting_by_the_door,1,24,female
clip_01410,data\raw\Audio_Speech_Actors_01-24\Actor_24\03-01-06-01-02-02-24.wav,03-01-06-01-02-02-24.wav,03,audio_only,01,speech,06,fearful,01,normal,02,dogs_are_sitting_by_the_door,2,24,female
clip_01411,data\raw\Audio_Speech_Actors_01-24\Actor_24\03-01-06-02-02-02-24.wav,03-01-06-02-02-02-24.wav,03,audio_only,01,speech,06,fearful,02,strong,02,dogs_are_sitting_by_the_door,2,24,female
clip_01412,data\raw\Audio_Speech_Actors_01-24\Actor_24\03-01-03-01-01-01-24.wav,03-01-03-01-01-01-24.wav,03,audio_only,01,speech,03,happy,01,normal,01,kids_are_talking_by_the_door,1,24,female
clip_01413,data\raw\Audio_Speech_Actors_01-24\Actor_24\03-01-03-02-01-01-24.wav,03-01-03-02-01-01-24.wav,03,audio_only,01,speech,03,happy,02,strong,01,kids_are_talking_by_the_door,1,24,female
clip_01414,data\raw\Audio_Speech_Actors_01-24\Actor_24\03-01-03-01-01-02-24.wav,03-01-03-01-01-02-24.wav,03,audio_only,01,speech,03,happy,01,normal,01,kids_are_talking_by_the_door,2,24,female
clip_01415,data\raw\Audio_Speech_Actors_01-24\Actor_24\03-01-03-02-01-02-24.wav,03-01-03-02-01-02-24.wav,03,audio_only,01,speech,03,happy,02,strong,01,kids_are_talking_by_the_door,2,24,female
clip_01416,data\raw\Audio_Speech_Actors_01-24\Actor_24\03-01-03-01-02-01-24.wav,03-01-03-01-02-01-24.wav,03,audio_only,01,speech,03,happy,01,normal,02,dogs_are_sitting_by_the_door,1,24,female
clip_01417,data\raw\Audio_Speech_Actors_01-24\Actor_24\03-01-03-02-02-01-24.wav,03-01-03-02-02-01-24.wav,03,audio_only,01,speech,03,happy,02,strong,02,dogs_are_sitting_by_the_door,1,24,female
clip_01418,data\raw\Audio_Speech_Actors_01-24\Actor_24\03-01-03-01-02-02-24.wav,03-01-03-01-02-02-24.wav,03,audio_only,01,speech,03,happy,01,normal,02,dogs_are_sitting_by_the_door,2,24,female
clip_01419,data\raw\Audio_Speech_Actors_01-24\Actor_24\03-01-03-02-02-02-24.wav,03-01-03-02-02-02-24.wav,03,audio_only,01,speech,03,happy,02,strong,02,dogs_are_sitting_by_the_door,2,24,female
clip_01420,data\raw\Audio_Speech_Actors_01-24\Actor_24\03-01-01-01-01-01-24.wav,03-01-01-01-01-01-24.wav,03,audio_only,01,speech,01,neutral,01,normal,01,kids_are_talking_by_the_door,1,24,female
clip_01421,data\raw\Audio_Speech_Actors_01-24\Actor_24\03-01-01-01-01-02-24.wav,03-01-01-01-01-02-24.wav,03,audio_only,01,speech,01,neutral,01,normal,01,kids_are_talking_by_the_door,2,24,female
clip_01422,data\raw\Audio_Speech_Actors_01-24\Actor_24\03-01-01-01-02-01-24.wav,03-01-01-01-02-01-24.wav,03,audio_only,01,speech,01,neutral,01,normal,02,dogs_are_sitting_by_the_door,1,24,female
clip_01423,data\raw\Audio_Speech_Actors_01-24\Actor_24\03-01-01-01-02-02-24.wav,03-01-01-01-02-02-24.wav,03,audio_only,01,speech,01,neutral,01,normal,02,dogs_are_sitting_by_the_door,2,24,female
clip_01424,data\raw\Audio_Speech_Actors_01-24\Actor_24\03-01-04-01-01-01-24.wav,03-01-04-01-01-01-24.wav,03,audio_only,01,speech,04,sad,01,normal,01,kids_are_talking_by_the_door,1,24,female
clip_01425,data\raw\Audio_Speech_Actors_01-24\Actor_24\03-01-04-02-01-01-24.wav,03-01-04-02-01-01-24.wav,03,audio_only,01,speech,04,sad,02,strong,01,kids_are_talking_by_the_door,1,24,female
clip_01426,data\raw\Audio_Speech_Actors_01-24\Actor_24\03-01-04-01-01-02-24.wav,03-01-04-01-01-02-24.wav,03,audio_only,01,speech,04,sad,01,normal,01,kids_are_talking_by_the_door,2,24,female
clip_01427,data\raw\Audio_Speech_Actors_01-24\Actor_24\03-01-04-02-01-02-24.wav,03-01-04-02-01-02-24.wav,03,audio_only,01,speech,04,sad,02,strong,01,kids_are_talking_by_the_door,2,24,female
clip_01428,data\raw\Audio_Speech_Actors_01-24\Actor_24\03-01-04-01-02-01-24.wav,03-01-04-01-02-01-24.wav,03,audio_only,01,speech,04,sad,01,normal,02,dogs_are_sitting_by_the_door,1,24,female
clip_01429,data\raw\Audio_Speech_Actors_01-24\Actor_24\03-01-04-02-02-01-24.wav,03-01-04-02-02-01-24.wav,03,audio_only,01,speech,04,sad,02,strong,02,dogs_are_sitting_by_the_door,1,24,female
clip_01430,data\raw\Audio_Speech_Actors_01-24\Actor_24\03-01-04-01-02-02-24.wav,03-01-04-01-02-02-24.wav,03,audio_only,01,speech,04,sad,01,normal,02,dogs_are_sitting_by_the_door,2,24,female
clip_01431,data\raw\Audio_Speech_Actors_01-24\Actor_24\03-01-04-02-02-02-24.wav,03-01-04-02-02-02-24.wav,03,audio_only,01,speech,04,sad,02,strong,02,dogs_are_sitting_by_the_door,2,24,female
clip_01432,data\raw\Audio_Speech_Actors_01-24\Actor_24\03-01-08-01-01-01-24.wav,03-01-08-01-01-01-24.wav,03,audio_only,01,speech,08,surprised,01,normal,01,kids_are_talking_by_the_door,1,24,female
clip_01433,data\raw\Audio_Speech_Actors_01-24\Actor_24\03-01-08-02-01-01-24.wav,03-01-08-02-01-01-24.wav,03,audio_only,01,speech,08,surprised,02,strong,01,kids_are_talking_by_the_door,1,24,female
clip_01434,data\raw\Audio_Speech_Actors_01-24\Actor_24\03-01-08-01-01-02-24.wav,03-01-08-01-01-02-24.wav,03,audio_only,01,speech,08,surprised,01,normal,01,kids_are_talking_by_the_door,2,24,female
clip_01435,data\raw\Audio_Speech_Actors_01-24\Actor_24\03-01-08-02-01-02-24.wav,03-01-08-02-01-02-24.wav,03,audio_only,01,speech,08,surprised,02,strong,01,kids_are_talking_by_the_door,2,24,female
clip_01436,data\raw\Audio_Speech_Actors_01-24\Actor_24\03-01-08-01-02-01-24.wav,03-01-08-01-02-01-24.wav,03,audio_only,01,speech,08,surprised,01,normal,02,dogs_are_sitting_by_the_door,1,24,female
clip_01437,data\raw\Audio_Speech_Actors_01-24\Actor_24\03-01-08-02-02-01-24.wav,03-01-08-02-02-01-24.wav,03,audio_only,01,speech,08,surprised,02,strong,02,dogs_are_sitting_by_the_door,1,24,female
clip_01438,data\raw\Audio_Speech_Actors_01-24\Actor_24\03-01-08-01-02-02-24.wav,03-01-08-01-02-02-24.wav,03,audio_only,01,speech,08,surprised,01,normal,02,dogs_are_sitting_by_the_door,2,24,female
clip_01439,data\raw\Audio_Speech_Actors_01-24\Actor_24\03-01-08-02-02-02-24.wav,03-01-08-02-02-02-24.wav,03,audio_only,01,speech,08,surprised,02,strong,02,dogs_are_sitting_by_the_door,2,24,female
